Copyright 1986-2022 Xilinx, Inc. All Rights Reserved. Copyright 2022-2023 Advanced Micro Devices, Inc. All Rights Reserved.
------------------------------------------------------------------------------------------------------------------------------------------------------------------------------------------------------------------------
| Tool Version : Vivado v.2023.1 (win64) Build 3865809 Sun May  7 15:05:29 MDT 2023
| Date         : Sat Aug 29 21:44:19 2026
| Host         : DESKTOP-KA40M9U running 64-bit major release  (build 9200)
| Command      : report_timing_summary -max_paths 10 -report_unconstrained -file wr_rd_fsm_timing_summary_routed.rpt -pb wr_rd_fsm_timing_summary_routed.pb -rpx wr_rd_fsm_timing_summary_routed.rpx -warn_on_violation
| Design       : wr_rd_fsm
| Device       : 7a35t-cpg236
| Speed File   : -1  PRODUCTION 1.23 2018-06-13
| Design State : Routed
------------------------------------------------------------------------------------------------------------------------------------------------------------------------------------------------------------------------

Timing Summary Report

------------------------------------------------------------------------------------------------
| Timer Settings
| --------------
------------------------------------------------------------------------------------------------

  Enable Multi Corner Analysis               :  Yes
  Enable Pessimism Removal                   :  Yes
  Pessimism Removal Resolution               :  Nearest Common Node
  Enable Input Delay Default Clock           :  No
  Enable Preset / Clear Arcs                 :  No
  Disable Flight Delays                      :  No
  Ignore I/O Paths                           :  No
  Timing Early Launch at Borrowing Latches   :  No
  Borrow Time for Max Delay Exceptions       :  Yes
  Merge Timing Exceptions                    :  Yes

  Corner  Analyze    Analyze    
  Name    Max Paths  Min Paths  
  ------  ---------  ---------  
  Slow    Yes        Yes        
  Fast    Yes        Yes        


------------------------------------------------------------------------------------------------
| Report Methodology
| ------------------
------------------------------------------------------------------------------------------------

Rule       Severity  Description                       Violations  
---------  --------  --------------------------------  ----------  
HPDR-1     Warning   Port pin direction inconsistency  8           
TIMING-18  Warning   Missing input or output delay     14          

Note: This report is based on the most recent report_methodology run and may not be up-to-date. Run report_methodology on the current design for the latest report.



check_timing report

Table of Contents
-----------------
1. checking no_clock (0)
2. checking constant_clock (0)
3. checking pulse_width_clock (0)
4. checking unconstrained_internal_endpoints (0)
5. checking no_input_delay (3)
6. checking no_output_delay (11)
7. checking multiple_clock (0)
8. checking generated_clocks (0)
9. checking loops (0)
10. checking partial_input_delay (0)
11. checking partial_output_delay (0)
12. checking latch_loops (0)

1. checking no_clock (0)
------------------------
 There are 0 register/latch pins with no clock.


2. checking constant_clock (0)
------------------------------
 There are 0 register/latch pins with constant_clock.


3. checking pulse_width_clock (0)
---------------------------------
 There are 0 register/latch pins which need pulse_width check


4. checking unconstrained_internal_endpoints (0)
------------------------------------------------
 There are 0 pins that are not constrained for maximum delay.

 There are 0 pins that are not constrained for maximum delay due to constant clock.


5. checking no_input_delay (3)
------------------------------
 There are 3 input ports with no input delay specified. (HIGH)

 There are 0 input ports with no input delay but user has a false path constraint.


6. checking no_output_delay (11)
--------------------------------
 There are 11 ports with no output delay specified. (HIGH)

 There are 0 ports with no output delay but user has a false path constraint

 There are 0 ports with no output delay but with a timing clock defined on it or propagating through it


7. checking multiple_clock (0)
------------------------------
 There are 0 register/latch pins with multiple clocks.


8. checking generated_clocks (0)
--------------------------------
 There are 0 generated clocks that are not connected to a clock source.


9. checking loops (0)
---------------------
 There are 0 combinational loops in the design.


10. checking partial_input_delay (0)
------------------------------------
 There are 0 input ports with partial input delay specified.


11. checking partial_output_delay (0)
-------------------------------------
 There are 0 ports with partial output delay specified.


12. checking latch_loops (0)
----------------------------
 There are 0 combinational latch loops in the design through latch input



------------------------------------------------------------------------------------------------
| Design Timing Summary
| ---------------------
------------------------------------------------------------------------------------------------

    WNS(ns)      TNS(ns)  TNS Failing Endpoints  TNS Total Endpoints      WHS(ns)      THS(ns)  THS Failing Endpoints  THS Total Endpoints     WPWS(ns)     TPWS(ns)  TPWS Failing Endpoints  TPWS Total Endpoints  
    -------      -------  ---------------------  -------------------      -------      -------  ---------------------  -------------------     --------     --------  ----------------------  --------------------  
      8.099        0.000                      0                    2        0.556        0.000                      0                    2        4.500        0.000                       0                     3  


All user specified timing constraints are met.


------------------------------------------------------------------------------------------------
| Clock Summary
| -------------
------------------------------------------------------------------------------------------------

Clock  Waveform(ns)       Period(ns)      Frequency(MHz)
-----  ------------       ----------      --------------
clk    {0.000 5.000}      10.000          100.000         


------------------------------------------------------------------------------------------------
| Intra Clock Table
| -----------------
------------------------------------------------------------------------------------------------

Clock             WNS(ns)      TNS(ns)  TNS Failing Endpoints  TNS Total Endpoints      WHS(ns)      THS(ns)  THS Failing Endpoints  THS Total Endpoints     WPWS(ns)     TPWS(ns)  TPWS Failing Endpoints  TPWS Total Endpoints  
-----             -------      -------  ---------------------  -------------------      -------      -------  ---------------------  -------------------     --------     --------  ----------------------  --------------------  
clk                 8.099        0.000                      0                    2        0.556        0.000                      0                    2        4.500        0.000                       0                     3  


------------------------------------------------------------------------------------------------
| Inter Clock Table
| -----------------
------------------------------------------------------------------------------------------------

From Clock    To Clock          WNS(ns)      TNS(ns)  TNS Failing Endpoints  TNS Total Endpoints      WHS(ns)      THS(ns)  THS Failing Endpoints  THS Total Endpoints  
----------    --------          -------      -------  ---------------------  -------------------      -------      -------  ---------------------  -------------------  


------------------------------------------------------------------------------------------------
| Other Path Groups Table
| -----------------------
------------------------------------------------------------------------------------------------

Path Group    From Clock    To Clock          WNS(ns)      TNS(ns)  TNS Failing Endpoints  TNS Total Endpoints      WHS(ns)      THS(ns)  THS Failing Endpoints  THS Total Endpoints  
----------    ----------    --------          -------      -------  ---------------------  -------------------      -------      -------  ---------------------  -------------------  


------------------------------------------------------------------------------------------------
| User Ignored Path Table
| -----------------------
------------------------------------------------------------------------------------------------

Path Group    From Clock    To Clock    
----------    ----------    --------    


------------------------------------------------------------------------------------------------
| Unconstrained Path Table
| ------------------------
------------------------------------------------------------------------------------------------

Path Group    From Clock    To Clock    
----------    ----------    --------    
(none)                                    
(none)        clk                         
(none)                      clk           


------------------------------------------------------------------------------------------------
| Timing Details
| --------------
------------------------------------------------------------------------------------------------


---------------------------------------------------------------------------------------------------
From Clock:  clk
  To Clock:  clk

Setup :            0  Failing Endpoints,  Worst Slack        8.099ns,  Total Violation        0.000ns
Hold  :            0  Failing Endpoints,  Worst Slack        0.556ns,  Total Violation        0.000ns
PW    :            0  Failing Endpoints,  Worst Slack        4.500ns,  Total Violation        0.000ns
---------------------------------------------------------------------------------------------------


Max Delay Paths
--------------------------------------------------------------------------------------
Slack (MET) :             8.099ns  (required time - arrival time)
  Source:                 FSM_sequential_state_reg[0]/C
                            (rising edge-triggered cell FDCE clocked by clk  {rise@0.000ns fall@5.000ns period=10.000ns})
  Destination:            FSM_sequential_state_reg[0]/D
                            (rising edge-triggered cell FDCE clocked by clk  {rise@0.000ns fall@5.000ns period=10.000ns})
  Path Group:             clk
  Path Type:              Setup (Max at Slow Process Corner)
  Requirement:            10.000ns  (clk rise@10.000ns - clk rise@0.000ns)
  Data Path Delay:        1.895ns  (logic 0.580ns (30.610%)  route 1.315ns (69.390%))
  Logic Levels:           1  (LUT3=1)
  Clock Path Skew:        0.000ns (DCD - SCD + CPR)
    Destination Clock Delay (DCD):    4.279ns = ( 14.279 - 10.000 ) 
    Source Clock Delay      (SCD):    4.640ns
    Clock Pessimism Removal (CPR):    0.361ns
  Clock Uncertainty:      0.035ns  ((TSJ^2 + TIJ^2)^1/2 + DJ) / 2 + PE
    Total System Jitter     (TSJ):    0.071ns
    Total Input Jitter      (TIJ):    0.000ns
    Discrete Jitter          (DJ):    0.000ns
    Phase Error              (PE):    0.000ns

    Location             Delay type                Incr(ns)  Path(ns)    Netlist Resource(s)
  -------------------------------------------------------------------    -------------------
                         (clock clk rise edge)        0.000     0.000 r  
    M18                                               0.000     0.000 r  clk (IN)
                         net (fo=0)                   0.000     0.000    clk
    M18                  IBUF (Prop_ibuf_I_O)         0.938     0.938 r  clk_IBUF_inst/O
                         net (fo=1, routed)           1.972     2.910    clk_IBUF
    BUFGCTRL_X0Y0        BUFG (Prop_bufg_I_O)         0.096     3.006 r  clk_IBUF_BUFG_inst/O
                         net (fo=2, routed)           1.634     4.640    clk_IBUF_BUFG
    SLICE_X0Y12          FDCE                                         r  FSM_sequential_state_reg[0]/C
  -------------------------------------------------------------------    -------------------
    SLICE_X0Y12          FDCE (Prop_fdce_C_Q)         0.456     5.096 f  FSM_sequential_state_reg[0]/Q
                         net (fo=6, routed)           1.315     6.411    state[0]
    SLICE_X0Y12          LUT3 (Prop_lut3_I2_O)        0.124     6.535 r  FSM_sequential_state[0]_i_1/O
                         net (fo=1, routed)           0.000     6.535    FSM_sequential_state[0]_i_1_n_0
    SLICE_X0Y12          FDCE                                         r  FSM_sequential_state_reg[0]/D
  -------------------------------------------------------------------    -------------------

                         (clock clk rise edge)       10.000    10.000 r  
    M18                                               0.000    10.000 r  clk (IN)
                         net (fo=0)                   0.000    10.000    clk
    M18                  IBUF (Prop_ibuf_I_O)         0.805    10.805 r  clk_IBUF_inst/O
                         net (fo=1, routed)           1.868    12.673    clk_IBUF
    BUFGCTRL_X0Y0        BUFG (Prop_bufg_I_O)         0.091    12.764 r  clk_IBUF_BUFG_inst/O
                         net (fo=2, routed)           1.515    14.279    clk_IBUF_BUFG
    SLICE_X0Y12          FDCE                                         r  FSM_sequential_state_reg[0]/C
                         clock pessimism              0.361    14.640    
                         clock uncertainty           -0.035    14.605    
    SLICE_X0Y12          FDCE (Setup_fdce_C_D)        0.029    14.634    FSM_sequential_state_reg[0]
  -------------------------------------------------------------------
                         required time                         14.634    
                         arrival time                          -6.535    
  -------------------------------------------------------------------
                         slack                                  8.099    

Slack (MET) :             8.151ns  (required time - arrival time)
  Source:                 FSM_sequential_state_reg[0]/C
                            (rising edge-triggered cell FDCE clocked by clk  {rise@0.000ns fall@5.000ns period=10.000ns})
  Destination:            FSM_sequential_state_reg[1]/D
                            (rising edge-triggered cell FDCE clocked by clk  {rise@0.000ns fall@5.000ns period=10.000ns})
  Path Group:             clk
  Path Type:              Setup (Max at Slow Process Corner)
  Requirement:            10.000ns  (clk rise@10.000ns - clk rise@0.000ns)
  Data Path Delay:        1.889ns  (logic 0.574ns (30.390%)  route 1.315ns (69.610%))
  Logic Levels:           1  (LUT4=1)
  Clock Path Skew:        0.000ns (DCD - SCD + CPR)
    Destination Clock Delay (DCD):    4.279ns = ( 14.279 - 10.000 ) 
    Source Clock Delay      (SCD):    4.640ns
    Clock Pessimism Removal (CPR):    0.361ns
  Clock Uncertainty:      0.035ns  ((TSJ^2 + TIJ^2)^1/2 + DJ) / 2 + PE
    Total System Jitter     (TSJ):    0.071ns
    Total Input Jitter      (TIJ):    0.000ns
    Discrete Jitter          (DJ):    0.000ns
    Phase Error              (PE):    0.000ns

    Location             Delay type                Incr(ns)  Path(ns)    Netlist Resource(s)
  -------------------------------------------------------------------    -------------------
                         (clock clk rise edge)        0.000     0.000 r  
    M18                                               0.000     0.000 r  clk (IN)
                         net (fo=0)                   0.000     0.000    clk
    M18                  IBUF (Prop_ibuf_I_O)         0.938     0.938 r  clk_IBUF_inst/O
                         net (fo=1, routed)           1.972     2.910    clk_IBUF
    BUFGCTRL_X0Y0        BUFG (Prop_bufg_I_O)         0.096     3.006 r  clk_IBUF_BUFG_inst/O
                         net (fo=2, routed)           1.634     4.640    clk_IBUF_BUFG
    SLICE_X0Y12          FDCE                                         r  FSM_sequential_state_reg[0]/C
  -------------------------------------------------------------------    -------------------
    SLICE_X0Y12          FDCE (Prop_fdce_C_Q)         0.456     5.096 r  FSM_sequential_state_reg[0]/Q
                         net (fo=6, routed)           1.315     6.411    state[0]
    SLICE_X0Y12          LUT4 (Prop_lut4_I3_O)        0.118     6.529 r  FSM_sequential_state[1]_i_1/O
                         net (fo=1, routed)           0.000     6.529    next_state[1]
    SLICE_X0Y12          FDCE                                         r  FSM_sequential_state_reg[1]/D
  -------------------------------------------------------------------    -------------------

                         (clock clk rise edge)       10.000    10.000 r  
    M18                                               0.000    10.000 r  clk (IN)
                         net (fo=0)                   0.000    10.000    clk
    M18                  IBUF (Prop_ibuf_I_O)         0.805    10.805 r  clk_IBUF_inst/O
                         net (fo=1, routed)           1.868    12.673    clk_IBUF
    BUFGCTRL_X0Y0        BUFG (Prop_bufg_I_O)         0.091    12.764 r  clk_IBUF_BUFG_inst/O
                         net (fo=2, routed)           1.515    14.279    clk_IBUF_BUFG
    SLICE_X0Y12          FDCE                                         r  FSM_sequential_state_reg[1]/C
                         clock pessimism              0.361    14.640    
                         clock uncertainty           -0.035    14.605    
    SLICE_X0Y12          FDCE (Setup_fdce_C_D)        0.075    14.680    FSM_sequential_state_reg[1]
  -------------------------------------------------------------------
                         required time                         14.680    
                         arrival time                          -6.529    
  -------------------------------------------------------------------
                         slack                                  8.151    





Min Delay Paths
--------------------------------------------------------------------------------------
Slack (MET) :             0.556ns  (arrival time - required time)
  Source:                 FSM_sequential_state_reg[1]/C
                            (rising edge-triggered cell FDCE clocked by clk  {rise@0.000ns fall@5.000ns period=10.000ns})
  Destination:            FSM_sequential_state_reg[1]/D
                            (rising edge-triggered cell FDCE clocked by clk  {rise@0.000ns fall@5.000ns period=10.000ns})
  Path Group:             clk
  Path Type:              Hold (Min at Fast Process Corner)
  Requirement:            0.000ns  (clk rise@0.000ns - clk rise@0.000ns)
  Data Path Delay:        0.663ns  (logic 0.228ns (34.401%)  route 0.435ns (65.599%))
  Logic Levels:           1  (LUT4=1)
  Clock Path Skew:        0.000ns (DCD - SCD - CPR)
    Destination Clock Delay (DCD):    1.935ns
    Source Clock Delay      (SCD):    1.419ns
    Clock Pessimism Removal (CPR):    0.516ns

    Location             Delay type                Incr(ns)  Path(ns)    Netlist Resource(s)
  -------------------------------------------------------------------    -------------------
                         (clock clk rise edge)        0.000     0.000 r  
    M18                                               0.000     0.000 r  clk (IN)
                         net (fo=0)                   0.000     0.000    clk
    M18                  IBUF (Prop_ibuf_I_O)         0.167     0.167 r  clk_IBUF_inst/O
                         net (fo=1, routed)           0.634     0.801    clk_IBUF
    BUFGCTRL_X0Y0        BUFG (Prop_bufg_I_O)         0.026     0.827 r  clk_IBUF_BUFG_inst/O
                         net (fo=2, routed)           0.592     1.419    clk_IBUF_BUFG
    SLICE_X0Y12          FDCE                                         r  FSM_sequential_state_reg[1]/C
  -------------------------------------------------------------------    -------------------
    SLICE_X0Y12          FDCE (Prop_fdce_C_Q)         0.128     1.547 f  FSM_sequential_state_reg[1]/Q
                         net (fo=6, routed)           0.435     1.982    state[1]
    SLICE_X0Y12          LUT4 (Prop_lut4_I0_O)        0.100     2.082 r  FSM_sequential_state[1]_i_1/O
                         net (fo=1, routed)           0.000     2.082    next_state[1]
    SLICE_X0Y12          FDCE                                         r  FSM_sequential_state_reg[1]/D
  -------------------------------------------------------------------    -------------------

                         (clock clk rise edge)        0.000     0.000 r  
    M18                                               0.000     0.000 r  clk (IN)
                         net (fo=0)                   0.000     0.000    clk
    M18                  IBUF (Prop_ibuf_I_O)         0.356     0.356 r  clk_IBUF_inst/O
                         net (fo=1, routed)           0.689     1.044    clk_IBUF
    BUFGCTRL_X0Y0        BUFG (Prop_bufg_I_O)         0.029     1.073 r  clk_IBUF_BUFG_inst/O
                         net (fo=2, routed)           0.862     1.935    clk_IBUF_BUFG
    SLICE_X0Y12          FDCE                                         r  FSM_sequential_state_reg[1]/C
                         clock pessimism             -0.516     1.419    
    SLICE_X0Y12          FDCE (Hold_fdce_C_D)         0.107     1.526    FSM_sequential_state_reg[1]
  -------------------------------------------------------------------
                         required time                         -1.526    
                         arrival time                           2.082    
  -------------------------------------------------------------------
                         slack                                  0.556    

Slack (MET) :             0.571ns  (arrival time - required time)
  Source:                 FSM_sequential_state_reg[1]/C
                            (rising edge-triggered cell FDCE clocked by clk  {rise@0.000ns fall@5.000ns period=10.000ns})
  Destination:            FSM_sequential_state_reg[0]/D
                            (rising edge-triggered cell FDCE clocked by clk  {rise@0.000ns fall@5.000ns period=10.000ns})
  Path Group:             clk
  Path Type:              Hold (Min at Fast Process Corner)
  Requirement:            0.000ns  (clk rise@0.000ns - clk rise@0.000ns)
  Data Path Delay:        0.662ns  (logic 0.227ns (34.302%)  route 0.435ns (65.698%))
  Logic Levels:           1  (LUT3=1)
  Clock Path Skew:        0.000ns (DCD - SCD - CPR)
    Destination Clock Delay (DCD):    1.935ns
    Source Clock Delay      (SCD):    1.419ns
    Clock Pessimism Removal (CPR):    0.516ns

    Location             Delay type                Incr(ns)  Path(ns)    Netlist Resource(s)
  -------------------------------------------------------------------    -------------------
                         (clock clk rise edge)        0.000     0.000 r  
    M18                                               0.000     0.000 r  clk (IN)
                         net (fo=0)                   0.000     0.000    clk
    M18                  IBUF (Prop_ibuf_I_O)         0.167     0.167 r  clk_IBUF_inst/O
                         net (fo=1, routed)           0.634     0.801    clk_IBUF
    BUFGCTRL_X0Y0        BUFG (Prop_bufg_I_O)         0.026     0.827 r  clk_IBUF_BUFG_inst/O
                         net (fo=2, routed)           0.592     1.419    clk_IBUF_BUFG
    SLICE_X0Y12          FDCE                                         r  FSM_sequential_state_reg[1]/C
  -------------------------------------------------------------------    -------------------
    SLICE_X0Y12          FDCE (Prop_fdce_C_Q)         0.128     1.547 f  FSM_sequential_state_reg[1]/Q
                         net (fo=6, routed)           0.435     1.982    state[1]
    SLICE_X0Y12          LUT3 (Prop_lut3_I1_O)        0.099     2.081 r  FSM_sequential_state[0]_i_1/O
                         net (fo=1, routed)           0.000     2.081    FSM_sequential_state[0]_i_1_n_0
    SLICE_X0Y12          FDCE                                         r  FSM_sequential_state_reg[0]/D
  -------------------------------------------------------------------    -------------------

                         (clock clk rise edge)        0.000     0.000 r  
    M18                                               0.000     0.000 r  clk (IN)
                         net (fo=0)                   0.000     0.000    clk
    M18                  IBUF (Prop_ibuf_I_O)         0.356     0.356 r  clk_IBUF_inst/O
                         net (fo=1, routed)           0.689     1.044    clk_IBUF
    BUFGCTRL_X0Y0        BUFG (Prop_bufg_I_O)         0.029     1.073 r  clk_IBUF_BUFG_inst/O
                         net (fo=2, routed)           0.862     1.935    clk_IBUF_BUFG
    SLICE_X0Y12          FDCE                                         r  FSM_sequential_state_reg[0]/C
                         clock pessimism             -0.516     1.419    
    SLICE_X0Y12          FDCE (Hold_fdce_C_D)         0.091     1.510    FSM_sequential_state_reg[0]
  -------------------------------------------------------------------
                         required time                         -1.510    
                         arrival time                           2.081    
  -------------------------------------------------------------------
                         slack                                  0.571    





Pulse Width Checks
--------------------------------------------------------------------------------------
Clock Name:         clk
Waveform(ns):       { 0.000 5.000 }
Period(ns):         10.000
Sources:            { clk }

Check Type        Corner  Lib Pin  Reference Pin  Required(ns)  Actual(ns)  Slack(ns)  Location       Pin
Min Period        n/a     BUFG/I   n/a            2.155         10.000      7.845      BUFGCTRL_X0Y0  clk_IBUF_BUFG_inst/I
Min Period        n/a     FDCE/C   n/a            1.000         10.000      9.000      SLICE_X0Y12    FSM_sequential_state_reg[0]/C
Min Period        n/a     FDCE/C   n/a            1.000         10.000      9.000      SLICE_X0Y12    FSM_sequential_state_reg[1]/C
Low Pulse Width   Slow    FDCE/C   n/a            0.500         5.000       4.500      SLICE_X0Y12    FSM_sequential_state_reg[0]/C
Low Pulse Width   Fast    FDCE/C   n/a            0.500         5.000       4.500      SLICE_X0Y12    FSM_sequential_state_reg[0]/C
Low Pulse Width   Slow    FDCE/C   n/a            0.500         5.000       4.500      SLICE_X0Y12    FSM_sequential_state_reg[1]/C
Low Pulse Width   Fast    FDCE/C   n/a            0.500         5.000       4.500      SLICE_X0Y12    FSM_sequential_state_reg[1]/C
High Pulse Width  Slow    FDCE/C   n/a            0.500         5.000       4.500      SLICE_X0Y12    FSM_sequential_state_reg[0]/C
High Pulse Width  Fast    FDCE/C   n/a            0.500         5.000       4.500      SLICE_X0Y12    FSM_sequential_state_reg[0]/C
High Pulse Width  Slow    FDCE/C   n/a            0.500         5.000       4.500      SLICE_X0Y12    FSM_sequential_state_reg[1]/C
High Pulse Width  Fast    FDCE/C   n/a            0.500         5.000       4.500      SLICE_X0Y12    FSM_sequential_state_reg[1]/C



--------------------------------------------------------------------------------------
Path Group:  (none)
From Clock:  
  To Clock:  

Max Delay             8 Endpoints
Min Delay             8 Endpoints
--------------------------------------------------------------------------------------


Max Delay Paths
--------------------------------------------------------------------------------------
Slack:                    inf
  Source:                 wdata[1]
                            (input port)
  Destination:            data[1]
                            (output port)
  Path Group:             (none)
  Path Type:              Max at Slow Process Corner
  Data Path Delay:        5.692ns  (logic 3.554ns (62.440%)  route 2.138ns (37.560%))
  Logic Levels:           2  (IBUF=1 OBUFT=1)

    Location             Delay type                Incr(ns)  Path(ns)    Netlist Resource(s)
  -------------------------------------------------------------------    -------------------
    V16                                               0.000     0.000 r  wdata[1] (IN)
                         net (fo=0)                   0.000     0.000    wdata[1]
    V16                  IBUF (Prop_ibuf_I_O)         0.946     0.946 r  wdata_IBUF[1]_inst/O
                         net (fo=1, routed)           2.138     3.084    data_OBUF[1]
    U15                  OBUFT (Prop_obuft_I_O)       2.607     5.692 r  data_OBUFT[1]_inst/O
                         net (fo=0)                   0.000     5.692    data[1]
    U15                                                               r  data[1] (INOUT)
  -------------------------------------------------------------------    -------------------

Slack:                    inf
  Source:                 wdata[7]
                            (input port)
  Destination:            data[7]
                            (output port)
  Path Group:             (none)
  Path Type:              Max at Slow Process Corner
  Data Path Delay:        5.688ns  (logic 3.550ns (62.418%)  route 2.138ns (37.582%))
  Logic Levels:           2  (IBUF=1 OBUFT=1)

    Location             Delay type                Incr(ns)  Path(ns)    Netlist Resource(s)
  -------------------------------------------------------------------    -------------------
    W18                                               0.000     0.000 r  wdata[7] (IN)
                         net (fo=0)                   0.000     0.000    wdata[7]
    W18                  IBUF (Prop_ibuf_I_O)         0.939     0.939 r  wdata_IBUF[7]_inst/O
                         net (fo=1, routed)           2.138     3.077    data_OBUF[7]
    W16                  OBUFT (Prop_obuft_I_O)       2.612     5.688 r  data_OBUFT[7]_inst/O
                         net (fo=0)                   0.000     5.688    data[7]
    W16                                                               r  data[7] (INOUT)
  -------------------------------------------------------------------    -------------------

Slack:                    inf
  Source:                 wdata[5]
                            (input port)
  Destination:            data[5]
                            (output port)
  Path Group:             (none)
  Path Type:              Max at Slow Process Corner
  Data Path Delay:        5.688ns  (logic 3.550ns (62.415%)  route 2.138ns (37.585%))
  Logic Levels:           2  (IBUF=1 OBUFT=1)

    Location             Delay type                Incr(ns)  Path(ns)    Netlist Resource(s)
  -------------------------------------------------------------------    -------------------
    T17                                               0.000     0.000 r  wdata[5] (IN)
                         net (fo=0)                   0.000     0.000    wdata[5]
    T17                  IBUF (Prop_ibuf_I_O)         0.936     0.936 r  wdata_IBUF[5]_inst/O
                         net (fo=1, routed)           2.138     3.074    data_OBUF[5]
    V15                  OBUFT (Prop_obuft_I_O)       2.614     5.688 r  data_OBUFT[5]_inst/O
                         net (fo=0)                   0.000     5.688    data[5]
    V15                                                               r  data[5] (INOUT)
  -------------------------------------------------------------------    -------------------

Slack:                    inf
  Source:                 wdata[3]
                            (input port)
  Destination:            data[3]
                            (output port)
  Path Group:             (none)
  Path Type:              Max at Slow Process Corner
  Data Path Delay:        5.682ns  (logic 3.544ns (62.376%)  route 2.138ns (37.624%))
  Logic Levels:           2  (IBUF=1 OBUFT=1)

    Location             Delay type                Incr(ns)  Path(ns)    Netlist Resource(s)
  -------------------------------------------------------------------    -------------------
    U17                                               0.000     0.000 r  wdata[3] (IN)
                         net (fo=0)                   0.000     0.000    wdata[3]
    U17                  IBUF (Prop_ibuf_I_O)         0.937     0.937 r  wdata_IBUF[3]_inst/O
                         net (fo=1, routed)           2.138     3.075    data_OBUF[3]
    W13                  OBUFT (Prop_obuft_I_O)       2.607     5.682 r  data_OBUFT[3]_inst/O
                         net (fo=0)                   0.000     5.682    data[3]
    W13                                                               r  data[3] (INOUT)
  -------------------------------------------------------------------    -------------------

Slack:                    inf
  Source:                 wdata[4]
                            (input port)
  Destination:            data[4]
                            (output port)
  Path Group:             (none)
  Path Type:              Max at Slow Process Corner
  Data Path Delay:        5.675ns  (logic 3.537ns (62.331%)  route 2.138ns (37.669%))
  Logic Levels:           2  (IBUF=1 OBUFT=1)

    Location             Delay type                Incr(ns)  Path(ns)    Netlist Resource(s)
  -------------------------------------------------------------------    -------------------
    T18                                               0.000     0.000 r  wdata[4] (IN)
                         net (fo=0)                   0.000     0.000    wdata[4]
    T18                  IBUF (Prop_ibuf_I_O)         0.939     0.939 r  wdata_IBUF[4]_inst/O
                         net (fo=1, routed)           2.138     3.076    data_OBUF[4]
    W15                  OBUFT (Prop_obuft_I_O)       2.599     5.675 r  data_OBUFT[4]_inst/O
                         net (fo=0)                   0.000     5.675    data[4]
    W15                                                               r  data[4] (INOUT)
  -------------------------------------------------------------------    -------------------

Slack:                    inf
  Source:                 wdata[0]
                            (input port)
  Destination:            data[0]
                            (output port)
  Path Group:             (none)
  Path Type:              Max at Slow Process Corner
  Data Path Delay:        5.673ns  (logic 3.536ns (62.320%)  route 2.138ns (37.680%))
  Logic Levels:           2  (IBUF=1 OBUFT=1)

    Location             Delay type                Incr(ns)  Path(ns)    Netlist Resource(s)
  -------------------------------------------------------------------    -------------------
    V17                                               0.000     0.000 r  wdata[0] (IN)
                         net (fo=0)                   0.000     0.000    wdata[0]
    V17                  IBUF (Prop_ibuf_I_O)         0.938     0.938 r  wdata_IBUF[0]_inst/O
                         net (fo=1, routed)           2.138     3.076    data_OBUF[0]
    U16                  OBUFT (Prop_obuft_I_O)       2.598     5.673 r  data_OBUFT[0]_inst/O
                         net (fo=0)                   0.000     5.673    data[0]
    U16                                                               r  data[0] (INOUT)
  -------------------------------------------------------------------    -------------------

Slack:                    inf
  Source:                 wdata[6]
                            (input port)
  Destination:            data[6]
                            (output port)
  Path Group:             (none)
  Path Type:              Max at Slow Process Corner
  Data Path Delay:        5.670ns  (logic 3.533ns (62.299%)  route 2.138ns (37.701%))
  Logic Levels:           2  (IBUF=1 OBUFT=1)

    Location             Delay type                Incr(ns)  Path(ns)    Netlist Resource(s)
  -------------------------------------------------------------------    -------------------
    W19                                               0.000     0.000 r  wdata[6] (IN)
                         net (fo=0)                   0.000     0.000    wdata[6]
    W19                  IBUF (Prop_ibuf_I_O)         0.936     0.936 r  wdata_IBUF[6]_inst/O
                         net (fo=1, routed)           2.138     3.074    data_OBUF[6]
    W17                  OBUFT (Prop_obuft_I_O)       2.596     5.670 r  data_OBUFT[6]_inst/O
                         net (fo=0)                   0.000     5.670    data[6]
    W17                                                               r  data[6] (INOUT)
  -------------------------------------------------------------------    -------------------

Slack:                    inf
  Source:                 wdata[2]
                            (input port)
  Destination:            data[2]
                            (output port)
  Path Group:             (none)
  Path Type:              Max at Slow Process Corner
  Data Path Delay:        5.662ns  (logic 3.524ns (62.242%)  route 2.138ns (37.758%))
  Logic Levels:           2  (IBUF=1 OBUFT=1)

    Location             Delay type                Incr(ns)  Path(ns)    Netlist Resource(s)
  -------------------------------------------------------------------    -------------------
    U18                                               0.000     0.000 r  wdata[2] (IN)
                         net (fo=0)                   0.000     0.000    wdata[2]
    U18                  IBUF (Prop_ibuf_I_O)         0.926     0.926 r  wdata_IBUF[2]_inst/O
                         net (fo=1, routed)           2.138     3.064    data_OBUF[2]
    W14                  OBUFT (Prop_obuft_I_O)       2.598     5.662 r  data_OBUFT[2]_inst/O
                         net (fo=0)                   0.000     5.662    data[2]
    W14                                                               r  data[2] (INOUT)
  -------------------------------------------------------------------    -------------------





Min Delay Paths
--------------------------------------------------------------------------------------
Slack:                    inf
  Source:                 wdata[2]
                            (input port)
  Destination:            data[2]
                            (output port)
  Path Group:             (none)
  Path Type:              Min at Fast Process Corner
  Data Path Delay:        1.723ns  (logic 1.270ns (73.724%)  route 0.453ns (26.276%))
  Logic Levels:           2  (IBUF=1 OBUFT=1)

    Location             Delay type                Incr(ns)  Path(ns)    Netlist Resource(s)
  -------------------------------------------------------------------    -------------------
    U18                                               0.000     0.000 r  wdata[2] (IN)
                         net (fo=0)                   0.000     0.000    wdata[2]
    U18                  IBUF (Prop_ibuf_I_O)         0.156     0.156 r  wdata_IBUF[2]_inst/O
                         net (fo=1, routed)           0.453     0.608    data_OBUF[2]
    W14                  OBUFT (Prop_obuft_I_O)       1.115     1.723 r  data_OBUFT[2]_inst/O
                         net (fo=0)                   0.000     1.723    data[2]
    W14                                                               r  data[2] (INOUT)
  -------------------------------------------------------------------    -------------------

Slack:                    inf
  Source:                 wdata[6]
                            (input port)
  Destination:            data[6]
                            (output port)
  Path Group:             (none)
  Path Type:              Min at Fast Process Corner
  Data Path Delay:        1.732ns  (logic 1.279ns (73.855%)  route 0.453ns (26.145%))
  Logic Levels:           2  (IBUF=1 OBUFT=1)

    Location             Delay type                Incr(ns)  Path(ns)    Netlist Resource(s)
  -------------------------------------------------------------------    -------------------
    W19                                               0.000     0.000 r  wdata[6] (IN)
                         net (fo=0)                   0.000     0.000    wdata[6]
    W19                  IBUF (Prop_ibuf_I_O)         0.165     0.165 r  wdata_IBUF[6]_inst/O
                         net (fo=1, routed)           0.453     0.618    data_OBUF[6]
    W17                  OBUFT (Prop_obuft_I_O)       1.113     1.732 r  data_OBUFT[6]_inst/O
                         net (fo=0)                   0.000     1.732    data[6]
    W17                                                               r  data[6] (INOUT)
  -------------------------------------------------------------------    -------------------

Slack:                    inf
  Source:                 wdata[0]
                            (input port)
  Destination:            data[0]
                            (output port)
  Path Group:             (none)
  Path Type:              Min at Fast Process Corner
  Data Path Delay:        1.735ns  (logic 1.282ns (73.900%)  route 0.453ns (26.100%))
  Logic Levels:           2  (IBUF=1 OBUFT=1)

    Location             Delay type                Incr(ns)  Path(ns)    Netlist Resource(s)
  -------------------------------------------------------------------    -------------------
    V17                                               0.000     0.000 r  wdata[0] (IN)
                         net (fo=0)                   0.000     0.000    wdata[0]
    V17                  IBUF (Prop_ibuf_I_O)         0.167     0.167 r  wdata_IBUF[0]_inst/O
                         net (fo=1, routed)           0.453     0.620    data_OBUF[0]
    U16                  OBUFT (Prop_obuft_I_O)       1.115     1.735 r  data_OBUFT[0]_inst/O
                         net (fo=0)                   0.000     1.735    data[0]
    U16                                                               r  data[0] (INOUT)
  -------------------------------------------------------------------    -------------------

Slack:                    inf
  Source:                 wdata[4]
                            (input port)
  Destination:            data[4]
                            (output port)
  Path Group:             (none)
  Path Type:              Min at Fast Process Corner
  Data Path Delay:        1.736ns  (logic 1.284ns (73.926%)  route 0.453ns (26.074%))
  Logic Levels:           2  (IBUF=1 OBUFT=1)

    Location             Delay type                Incr(ns)  Path(ns)    Netlist Resource(s)
  -------------------------------------------------------------------    -------------------
    T18                                               0.000     0.000 r  wdata[4] (IN)
                         net (fo=0)                   0.000     0.000    wdata[4]
    T18                  IBUF (Prop_ibuf_I_O)         0.168     0.168 r  wdata_IBUF[4]_inst/O
                         net (fo=1, routed)           0.453     0.621    data_OBUF[4]
    W15                  OBUFT (Prop_obuft_I_O)       1.116     1.736 r  data_OBUFT[4]_inst/O
                         net (fo=0)                   0.000     1.736    data[4]
    W15                                                               r  data[4] (INOUT)
  -------------------------------------------------------------------    -------------------

Slack:                    inf
  Source:                 wdata[3]
                            (input port)
  Destination:            data[3]
                            (output port)
  Path Group:             (none)
  Path Type:              Min at Fast Process Corner
  Data Path Delay:        1.743ns  (logic 1.290ns (74.026%)  route 0.453ns (25.974%))
  Logic Levels:           2  (IBUF=1 OBUFT=1)

    Location             Delay type                Incr(ns)  Path(ns)    Netlist Resource(s)
  -------------------------------------------------------------------    -------------------
    U17                                               0.000     0.000 r  wdata[3] (IN)
                         net (fo=0)                   0.000     0.000    wdata[3]
    U17                  IBUF (Prop_ibuf_I_O)         0.167     0.167 r  wdata_IBUF[3]_inst/O
                         net (fo=1, routed)           0.453     0.619    data_OBUF[3]
    W13                  OBUFT (Prop_obuft_I_O)       1.124     1.743 r  data_OBUFT[3]_inst/O
                         net (fo=0)                   0.000     1.743    data[3]
    W13                                                               r  data[3] (INOUT)
  -------------------------------------------------------------------    -------------------

Slack:                    inf
  Source:                 wdata[5]
                            (input port)
  Destination:            data[5]
                            (output port)
  Path Group:             (none)
  Path Type:              Min at Fast Process Corner
  Data Path Delay:        1.749ns  (logic 1.296ns (74.113%)  route 0.453ns (25.887%))
  Logic Levels:           2  (IBUF=1 OBUFT=1)

    Location             Delay type                Incr(ns)  Path(ns)    Netlist Resource(s)
  -------------------------------------------------------------------    -------------------
    T17                                               0.000     0.000 r  wdata[5] (IN)
                         net (fo=0)                   0.000     0.000    wdata[5]
    T17                  IBUF (Prop_ibuf_I_O)         0.165     0.165 r  wdata_IBUF[5]_inst/O
                         net (fo=1, routed)           0.453     0.618    data_OBUF[5]
    V15                  OBUFT (Prop_obuft_I_O)       1.131     1.749 r  data_OBUFT[5]_inst/O
                         net (fo=0)                   0.000     1.749    data[5]
    V15                                                               r  data[5] (INOUT)
  -------------------------------------------------------------------    -------------------

Slack:                    inf
  Source:                 wdata[7]
                            (input port)
  Destination:            data[7]
                            (output port)
  Path Group:             (none)
  Path Type:              Min at Fast Process Corner
  Data Path Delay:        1.749ns  (logic 1.296ns (74.119%)  route 0.453ns (25.881%))
  Logic Levels:           2  (IBUF=1 OBUFT=1)

    Location             Delay type                Incr(ns)  Path(ns)    Netlist Resource(s)
  -------------------------------------------------------------------    -------------------
    W18                                               0.000     0.000 r  wdata[7] (IN)
                         net (fo=0)                   0.000     0.000    wdata[7]
    W18                  IBUF (Prop_ibuf_I_O)         0.168     0.168 r  wdata_IBUF[7]_inst/O
                         net (fo=1, routed)           0.453     0.621    data_OBUF[7]
    W16                  OBUFT (Prop_obuft_I_O)       1.129     1.749 r  data_OBUFT[7]_inst/O
                         net (fo=0)                   0.000     1.749    data[7]
    W16                                                               r  data[7] (INOUT)
  -------------------------------------------------------------------    -------------------

Slack:                    inf
  Source:                 wdata[1]
                            (input port)
  Destination:            data[1]
                            (output port)
  Path Group:             (none)
  Path Type:              Min at Fast Process Corner
  Data Path Delay:        1.753ns  (logic 1.300ns (74.169%)  route 0.453ns (25.831%))
  Logic Levels:           2  (IBUF=1 OBUFT=1)

    Location             Delay type                Incr(ns)  Path(ns)    Netlist Resource(s)
  -------------------------------------------------------------------    -------------------
    V16                                               0.000     0.000 r  wdata[1] (IN)
                         net (fo=0)                   0.000     0.000    wdata[1]
    V16                  IBUF (Prop_ibuf_I_O)         0.175     0.175 r  wdata_IBUF[1]_inst/O
                         net (fo=1, routed)           0.453     0.628    data_OBUF[1]
    U15                  OBUFT (Prop_obuft_I_O)       1.125     1.753 r  data_OBUFT[1]_inst/O
                         net (fo=0)                   0.000     1.753    data[1]
    U15                                                               r  data[1] (INOUT)
  -------------------------------------------------------------------    -------------------





--------------------------------------------------------------------------------------
Path Group:  (none)
From Clock:  clk
  To Clock:  

Max Delay            11 Endpoints
Min Delay            11 Endpoints
--------------------------------------------------------------------------------------


Max Delay Paths
--------------------------------------------------------------------------------------
Slack:                    inf
  Source:                 FSM_sequential_state_reg[1]/C
                            (rising edge-triggered cell FDCE clocked by clk  {rise@0.000ns fall@5.000ns period=10.000ns})
  Destination:            data[0]
                            (output port)
  Path Group:             (none)
  Path Type:              Max at Slow Process Corner
  Data Path Delay:        7.102ns  (logic 3.331ns (46.901%)  route 3.771ns (53.099%))
  Logic Levels:           2  (LUT2=1 OBUFT=1)
  Clock Uncertainty:      0.025ns  ((TSJ^2 + TIJ^2)^1/2 + DJ) / 2 + PE
    Total System Jitter     (TSJ):    0.050ns
    Total Input Jitter      (TIJ):    0.000ns
    Discrete Jitter          (DJ):    0.000ns
    Phase Error              (PE):    0.000ns

    Location             Delay type                Incr(ns)  Path(ns)    Netlist Resource(s)
  -------------------------------------------------------------------    -------------------
                         (clock clk rise edge)        0.000     0.000 r  
    M18                                               0.000     0.000 r  clk (IN)
                         net (fo=0)                   0.000     0.000    clk
    M18                  IBUF (Prop_ibuf_I_O)         0.938     0.938 r  clk_IBUF_inst/O
                         net (fo=1, routed)           1.972     2.910    clk_IBUF
    BUFGCTRL_X0Y0        BUFG (Prop_bufg_I_O)         0.096     3.006 r  clk_IBUF_BUFG_inst/O
                         net (fo=2, routed)           1.634     4.640    clk_IBUF_BUFG
    SLICE_X0Y12          FDCE                                         r  FSM_sequential_state_reg[1]/C
  -------------------------------------------------------------------    -------------------
    SLICE_X0Y12          FDCE (Prop_fdce_C_Q)         0.419     5.059 r  FSM_sequential_state_reg[1]/Q
                         net (fo=6, routed)           1.223     6.282    state[1]
    SLICE_X0Y9           LUT2 (Prop_lut2_I0_O)        0.299     6.581 f  data_OBUFT[7]_inst_i_1/O
                         net (fo=8, routed)           2.548     9.129    data_TRI[0]
    U16                  OBUFT (TriStatE_obuft_T_O)
                                                      2.613    11.742 r  data_OBUFT[0]_inst/O
                         net (fo=0)                   0.000    11.742    data[0]
    U16                                                               r  data[0] (INOUT)
  -------------------------------------------------------------------    -------------------

Slack:                    inf
  Source:                 FSM_sequential_state_reg[1]/C
                            (rising edge-triggered cell FDCE clocked by clk  {rise@0.000ns fall@5.000ns period=10.000ns})
  Destination:            data[1]
                            (output port)
  Path Group:             (none)
  Path Type:              Max at Slow Process Corner
  Data Path Delay:        6.972ns  (logic 3.341ns (47.917%)  route 3.631ns (52.083%))
  Logic Levels:           2  (LUT2=1 OBUFT=1)
  Clock Uncertainty:      0.025ns  ((TSJ^2 + TIJ^2)^1/2 + DJ) / 2 + PE
    Total System Jitter     (TSJ):    0.050ns
    Total Input Jitter      (TIJ):    0.000ns
    Discrete Jitter          (DJ):    0.000ns
    Phase Error              (PE):    0.000ns

    Location             Delay type                Incr(ns)  Path(ns)    Netlist Resource(s)
  -------------------------------------------------------------------    -------------------
                         (clock clk rise edge)        0.000     0.000 r  
    M18                                               0.000     0.000 r  clk (IN)
                         net (fo=0)                   0.000     0.000    clk
    M18                  IBUF (Prop_ibuf_I_O)         0.938     0.938 r  clk_IBUF_inst/O
                         net (fo=1, routed)           1.972     2.910    clk_IBUF
    BUFGCTRL_X0Y0        BUFG (Prop_bufg_I_O)         0.096     3.006 r  clk_IBUF_BUFG_inst/O
                         net (fo=2, routed)           1.634     4.640    clk_IBUF_BUFG
    SLICE_X0Y12          FDCE                                         r  FSM_sequential_state_reg[1]/C
  -------------------------------------------------------------------    -------------------
    SLICE_X0Y12          FDCE (Prop_fdce_C_Q)         0.419     5.059 r  FSM_sequential_state_reg[1]/Q
                         net (fo=6, routed)           1.223     6.282    state[1]
    SLICE_X0Y9           LUT2 (Prop_lut2_I0_O)        0.299     6.581 f  data_OBUFT[7]_inst_i_1/O
                         net (fo=8, routed)           2.408     8.989    data_TRI[0]
    U15                  OBUFT (TriStatE_obuft_T_O)
                                                      2.623    11.612 r  data_OBUFT[1]_inst/O
                         net (fo=0)                   0.000    11.612    data[1]
    U15                                                               r  data[1] (INOUT)
  -------------------------------------------------------------------    -------------------

Slack:                    inf
  Source:                 FSM_sequential_state_reg[1]/C
                            (rising edge-triggered cell FDCE clocked by clk  {rise@0.000ns fall@5.000ns period=10.000ns})
  Destination:            data[2]
                            (output port)
  Path Group:             (none)
  Path Type:              Max at Slow Process Corner
  Data Path Delay:        6.812ns  (logic 3.331ns (48.895%)  route 3.481ns (51.105%))
  Logic Levels:           2  (LUT2=1 OBUFT=1)
  Clock Uncertainty:      0.025ns  ((TSJ^2 + TIJ^2)^1/2 + DJ) / 2 + PE
    Total System Jitter     (TSJ):    0.050ns
    Total Input Jitter      (TIJ):    0.000ns
    Discrete Jitter          (DJ):    0.000ns
    Phase Error              (PE):    0.000ns

    Location             Delay type                Incr(ns)  Path(ns)    Netlist Resource(s)
  -------------------------------------------------------------------    -------------------
                         (clock clk rise edge)        0.000     0.000 r  
    M18                                               0.000     0.000 r  clk (IN)
                         net (fo=0)                   0.000     0.000    clk
    M18                  IBUF (Prop_ibuf_I_O)         0.938     0.938 r  clk_IBUF_inst/O
                         net (fo=1, routed)           1.972     2.910    clk_IBUF
    BUFGCTRL_X0Y0        BUFG (Prop_bufg_I_O)         0.096     3.006 r  clk_IBUF_BUFG_inst/O
                         net (fo=2, routed)           1.634     4.640    clk_IBUF_BUFG
    SLICE_X0Y12          FDCE                                         r  FSM_sequential_state_reg[1]/C
  -------------------------------------------------------------------    -------------------
    SLICE_X0Y12          FDCE (Prop_fdce_C_Q)         0.419     5.059 r  FSM_sequential_state_reg[1]/Q
                         net (fo=6, routed)           1.223     6.282    state[1]
    SLICE_X0Y9           LUT2 (Prop_lut2_I0_O)        0.299     6.581 f  data_OBUFT[7]_inst_i_1/O
                         net (fo=8, routed)           2.258     8.839    data_TRI[0]
    W14                  OBUFT (TriStatE_obuft_T_O)
                                                      2.613    11.452 r  data_OBUFT[2]_inst/O
                         net (fo=0)                   0.000    11.452    data[2]
    W14                                                               r  data[2] (INOUT)
  -------------------------------------------------------------------    -------------------

Slack:                    inf
  Source:                 FSM_sequential_state_reg[1]/C
                            (rising edge-triggered cell FDCE clocked by clk  {rise@0.000ns fall@5.000ns period=10.000ns})
  Destination:            oe
                            (output port)
  Path Group:             (none)
  Path Type:              Max at Slow Process Corner
  Data Path Delay:        6.701ns  (logic 3.540ns (52.827%)  route 3.161ns (47.173%))
  Logic Levels:           2  (LUT2=1 OBUF=1)
  Clock Uncertainty:      0.025ns  ((TSJ^2 + TIJ^2)^1/2 + DJ) / 2 + PE
    Total System Jitter     (TSJ):    0.050ns
    Total Input Jitter      (TIJ):    0.000ns
    Discrete Jitter          (DJ):    0.000ns
    Phase Error              (PE):    0.000ns

    Location             Delay type                Incr(ns)  Path(ns)    Netlist Resource(s)
  -------------------------------------------------------------------    -------------------
                         (clock clk rise edge)        0.000     0.000 r  
    M18                                               0.000     0.000 r  clk (IN)
                         net (fo=0)                   0.000     0.000    clk
    M18                  IBUF (Prop_ibuf_I_O)         0.938     0.938 r  clk_IBUF_inst/O
                         net (fo=1, routed)           1.972     2.910    clk_IBUF
    BUFGCTRL_X0Y0        BUFG (Prop_bufg_I_O)         0.096     3.006 r  clk_IBUF_BUFG_inst/O
                         net (fo=2, routed)           1.634     4.640    clk_IBUF_BUFG
    SLICE_X0Y12          FDCE                                         r  FSM_sequential_state_reg[1]/C
  -------------------------------------------------------------------    -------------------
    SLICE_X0Y12          FDCE (Prop_fdce_C_Q)         0.419     5.059 r  FSM_sequential_state_reg[1]/Q
                         net (fo=6, routed)           1.223     6.282    state[1]
    SLICE_X0Y9           LUT2 (Prop_lut2_I1_O)        0.325     6.607 r  oe_OBUF_inst_i_1/O
                         net (fo=1, routed)           1.938     8.545    oe_OBUF
    V14                  OBUF (Prop_obuf_I_O)         2.796    11.340 r  oe_OBUF_inst/O
                         net (fo=0)                   0.000    11.340    oe
    V14                                                               r  oe (OUT)
  -------------------------------------------------------------------    -------------------

Slack:                    inf
  Source:                 FSM_sequential_state_reg[1]/C
                            (rising edge-triggered cell FDCE clocked by clk  {rise@0.000ns fall@5.000ns period=10.000ns})
  Destination:            ce
                            (output port)
  Path Group:             (none)
  Path Type:              Max at Slow Process Corner
  Data Path Delay:        6.692ns  (logic 3.551ns (53.065%)  route 3.141ns (46.935%))
  Logic Levels:           2  (LUT2=1 OBUF=1)
  Clock Uncertainty:      0.025ns  ((TSJ^2 + TIJ^2)^1/2 + DJ) / 2 + PE
    Total System Jitter     (TSJ):    0.050ns
    Total Input Jitter      (TIJ):    0.000ns
    Discrete Jitter          (DJ):    0.000ns
    Phase Error              (PE):    0.000ns

    Location             Delay type                Incr(ns)  Path(ns)    Netlist Resource(s)
  -------------------------------------------------------------------    -------------------
                         (clock clk rise edge)        0.000     0.000 r  
    M18                                               0.000     0.000 r  clk (IN)
                         net (fo=0)                   0.000     0.000    clk
    M18                  IBUF (Prop_ibuf_I_O)         0.938     0.938 r  clk_IBUF_inst/O
                         net (fo=1, routed)           1.972     2.910    clk_IBUF
    BUFGCTRL_X0Y0        BUFG (Prop_bufg_I_O)         0.096     3.006 r  clk_IBUF_BUFG_inst/O
                         net (fo=2, routed)           1.634     4.640    clk_IBUF_BUFG
    SLICE_X0Y12          FDCE                                         r  FSM_sequential_state_reg[1]/C
  -------------------------------------------------------------------    -------------------
    SLICE_X0Y12          FDCE (Prop_fdce_C_Q)         0.419     5.059 r  FSM_sequential_state_reg[1]/Q
                         net (fo=6, routed)           1.212     6.271    state[1]
    SLICE_X0Y9           LUT2 (Prop_lut2_I1_O)        0.325     6.596 r  ce_OBUF_inst_i_1/O
                         net (fo=1, routed)           1.929     8.525    ce_OBUF
    U14                  OBUF (Prop_obuf_I_O)         2.807    11.332 r  ce_OBUF_inst/O
                         net (fo=0)                   0.000    11.332    ce
    U14                                                               r  ce (OUT)
  -------------------------------------------------------------------    -------------------

Slack:                    inf
  Source:                 FSM_sequential_state_reg[1]/C
                            (rising edge-triggered cell FDCE clocked by clk  {rise@0.000ns fall@5.000ns period=10.000ns})
  Destination:            data[3]
                            (output port)
  Path Group:             (none)
  Path Type:              Max at Slow Process Corner
  Data Path Delay:        6.671ns  (logic 3.340ns (50.064%)  route 3.331ns (49.936%))
  Logic Levels:           2  (LUT2=1 OBUFT=1)
  Clock Uncertainty:      0.025ns  ((TSJ^2 + TIJ^2)^1/2 + DJ) / 2 + PE
    Total System Jitter     (TSJ):    0.050ns
    Total Input Jitter      (TIJ):    0.000ns
    Discrete Jitter          (DJ):    0.000ns
    Phase Error              (PE):    0.000ns

    Location             Delay type                Incr(ns)  Path(ns)    Netlist Resource(s)
  -------------------------------------------------------------------    -------------------
                         (clock clk rise edge)        0.000     0.000 r  
    M18                                               0.000     0.000 r  clk (IN)
                         net (fo=0)                   0.000     0.000    clk
    M18                  IBUF (Prop_ibuf_I_O)         0.938     0.938 r  clk_IBUF_inst/O
                         net (fo=1, routed)           1.972     2.910    clk_IBUF
    BUFGCTRL_X0Y0        BUFG (Prop_bufg_I_O)         0.096     3.006 r  clk_IBUF_BUFG_inst/O
                         net (fo=2, routed)           1.634     4.640    clk_IBUF_BUFG
    SLICE_X0Y12          FDCE                                         r  FSM_sequential_state_reg[1]/C
  -------------------------------------------------------------------    -------------------
    SLICE_X0Y12          FDCE (Prop_fdce_C_Q)         0.419     5.059 r  FSM_sequential_state_reg[1]/Q
                         net (fo=6, routed)           1.223     6.282    state[1]
    SLICE_X0Y9           LUT2 (Prop_lut2_I0_O)        0.299     6.581 f  data_OBUFT[7]_inst_i_1/O
                         net (fo=8, routed)           2.108     8.689    data_TRI[0]
    W13                  OBUFT (TriStatE_obuft_T_O)
                                                      2.622    11.311 r  data_OBUFT[3]_inst/O
                         net (fo=0)                   0.000    11.311    data[3]
    W13                                                               r  data[3] (INOUT)
  -------------------------------------------------------------------    -------------------

Slack:                    inf
  Source:                 FSM_sequential_state_reg[1]/C
                            (rising edge-triggered cell FDCE clocked by clk  {rise@0.000ns fall@5.000ns period=10.000ns})
  Destination:            data[4]
                            (output port)
  Path Group:             (none)
  Path Type:              Max at Slow Process Corner
  Data Path Delay:        6.513ns  (logic 3.332ns (51.154%)  route 3.182ns (48.846%))
  Logic Levels:           2  (LUT2=1 OBUFT=1)
  Clock Uncertainty:      0.025ns  ((TSJ^2 + TIJ^2)^1/2 + DJ) / 2 + PE
    Total System Jitter     (TSJ):    0.050ns
    Total Input Jitter      (TIJ):    0.000ns
    Discrete Jitter          (DJ):    0.000ns
    Phase Error              (PE):    0.000ns

    Location             Delay type                Incr(ns)  Path(ns)    Netlist Resource(s)
  -------------------------------------------------------------------    -------------------
                         (clock clk rise edge)        0.000     0.000 r  
    M18                                               0.000     0.000 r  clk (IN)
                         net (fo=0)                   0.000     0.000    clk
    M18                  IBUF (Prop_ibuf_I_O)         0.938     0.938 r  clk_IBUF_inst/O
                         net (fo=1, routed)           1.972     2.910    clk_IBUF
    BUFGCTRL_X0Y0        BUFG (Prop_bufg_I_O)         0.096     3.006 r  clk_IBUF_BUFG_inst/O
                         net (fo=2, routed)           1.634     4.640    clk_IBUF_BUFG
    SLICE_X0Y12          FDCE                                         r  FSM_sequential_state_reg[1]/C
  -------------------------------------------------------------------    -------------------
    SLICE_X0Y12          FDCE (Prop_fdce_C_Q)         0.419     5.059 r  FSM_sequential_state_reg[1]/Q
                         net (fo=6, routed)           1.223     6.282    state[1]
    SLICE_X0Y9           LUT2 (Prop_lut2_I0_O)        0.299     6.581 f  data_OBUFT[7]_inst_i_1/O
                         net (fo=8, routed)           1.958     8.539    data_TRI[0]
    W15                  OBUFT (TriStatE_obuft_T_O)
                                                      2.614    11.153 r  data_OBUFT[4]_inst/O
                         net (fo=0)                   0.000    11.153    data[4]
    W15                                                               r  data[4] (INOUT)
  -------------------------------------------------------------------    -------------------

Slack:                    inf
  Source:                 FSM_sequential_state_reg[1]/C
                            (rising edge-triggered cell FDCE clocked by clk  {rise@0.000ns fall@5.000ns period=10.000ns})
  Destination:            wre
                            (output port)
  Path Group:             (none)
  Path Type:              Max at Slow Process Corner
  Data Path Delay:        6.420ns  (logic 3.315ns (51.639%)  route 3.105ns (48.361%))
  Logic Levels:           2  (LUT2=1 OBUF=1)
  Clock Uncertainty:      0.025ns  ((TSJ^2 + TIJ^2)^1/2 + DJ) / 2 + PE
    Total System Jitter     (TSJ):    0.050ns
    Total Input Jitter      (TIJ):    0.000ns
    Discrete Jitter          (DJ):    0.000ns
    Phase Error              (PE):    0.000ns

    Location             Delay type                Incr(ns)  Path(ns)    Netlist Resource(s)
  -------------------------------------------------------------------    -------------------
                         (clock clk rise edge)        0.000     0.000 r  
    M18                                               0.000     0.000 r  clk (IN)
                         net (fo=0)                   0.000     0.000    clk
    M18                  IBUF (Prop_ibuf_I_O)         0.938     0.938 r  clk_IBUF_inst/O
                         net (fo=1, routed)           1.972     2.910    clk_IBUF
    BUFGCTRL_X0Y0        BUFG (Prop_bufg_I_O)         0.096     3.006 r  clk_IBUF_BUFG_inst/O
                         net (fo=2, routed)           1.634     4.640    clk_IBUF_BUFG
    SLICE_X0Y12          FDCE                                         r  FSM_sequential_state_reg[1]/C
  -------------------------------------------------------------------    -------------------
    SLICE_X0Y12          FDCE (Prop_fdce_C_Q)         0.419     5.059 r  FSM_sequential_state_reg[1]/Q
                         net (fo=6, routed)           1.212     6.271    state[1]
    SLICE_X0Y9           LUT2 (Prop_lut2_I1_O)        0.299     6.570 r  wre_OBUF_inst_i_1/O
                         net (fo=1, routed)           1.893     8.463    wre_OBUF
    V13                  OBUF (Prop_obuf_I_O)         2.597    11.060 r  wre_OBUF_inst/O
                         net (fo=0)                   0.000    11.060    wre
    V13                                                               r  wre (OUT)
  -------------------------------------------------------------------    -------------------

Slack:                    inf
  Source:                 FSM_sequential_state_reg[1]/C
                            (rising edge-triggered cell FDCE clocked by clk  {rise@0.000ns fall@5.000ns period=10.000ns})
  Destination:            data[5]
                            (output port)
  Path Group:             (none)
  Path Type:              Max at Slow Process Corner
  Data Path Delay:        6.379ns  (logic 3.347ns (52.473%)  route 3.032ns (47.527%))
  Logic Levels:           2  (LUT2=1 OBUFT=1)
  Clock Uncertainty:      0.025ns  ((TSJ^2 + TIJ^2)^1/2 + DJ) / 2 + PE
    Total System Jitter     (TSJ):    0.050ns
    Total Input Jitter      (TIJ):    0.000ns
    Discrete Jitter          (DJ):    0.000ns
    Phase Error              (PE):    0.000ns

    Location             Delay type                Incr(ns)  Path(ns)    Netlist Resource(s)
  -------------------------------------------------------------------    -------------------
                         (clock clk rise edge)        0.000     0.000 r  
    M18                                               0.000     0.000 r  clk (IN)
                         net (fo=0)                   0.000     0.000    clk
    M18                  IBUF (Prop_ibuf_I_O)         0.938     0.938 r  clk_IBUF_inst/O
                         net (fo=1, routed)           1.972     2.910    clk_IBUF
    BUFGCTRL_X0Y0        BUFG (Prop_bufg_I_O)         0.096     3.006 r  clk_IBUF_BUFG_inst/O
                         net (fo=2, routed)           1.634     4.640    clk_IBUF_BUFG
    SLICE_X0Y12          FDCE                                         r  FSM_sequential_state_reg[1]/C
  -------------------------------------------------------------------    -------------------
    SLICE_X0Y12          FDCE (Prop_fdce_C_Q)         0.419     5.059 r  FSM_sequential_state_reg[1]/Q
                         net (fo=6, routed)           1.223     6.282    state[1]
    SLICE_X0Y9           LUT2 (Prop_lut2_I0_O)        0.299     6.581 f  data_OBUFT[7]_inst_i_1/O
                         net (fo=8, routed)           1.809     8.390    data_TRI[0]
    V15                  OBUFT (TriStatE_obuft_T_O)
                                                      2.629    11.019 r  data_OBUFT[5]_inst/O
                         net (fo=0)                   0.000    11.019    data[5]
    V15                                                               r  data[5] (INOUT)
  -------------------------------------------------------------------    -------------------

Slack:                    inf
  Source:                 FSM_sequential_state_reg[1]/C
                            (rising edge-triggered cell FDCE clocked by clk  {rise@0.000ns fall@5.000ns period=10.000ns})
  Destination:            data[7]
                            (output port)
  Path Group:             (none)
  Path Type:              Max at Slow Process Corner
  Data Path Delay:        6.367ns  (logic 3.345ns (52.538%)  route 3.022ns (47.462%))
  Logic Levels:           2  (LUT2=1 OBUFT=1)
  Clock Uncertainty:      0.025ns  ((TSJ^2 + TIJ^2)^1/2 + DJ) / 2 + PE
    Total System Jitter     (TSJ):    0.050ns
    Total Input Jitter      (TIJ):    0.000ns
    Discrete Jitter          (DJ):    0.000ns
    Phase Error              (PE):    0.000ns

    Location             Delay type                Incr(ns)  Path(ns)    Netlist Resource(s)
  -------------------------------------------------------------------    -------------------
                         (clock clk rise edge)        0.000     0.000 r  
    M18                                               0.000     0.000 r  clk (IN)
                         net (fo=0)                   0.000     0.000    clk
    M18                  IBUF (Prop_ibuf_I_O)         0.938     0.938 r  clk_IBUF_inst/O
                         net (fo=1, routed)           1.972     2.910    clk_IBUF
    BUFGCTRL_X0Y0        BUFG (Prop_bufg_I_O)         0.096     3.006 r  clk_IBUF_BUFG_inst/O
                         net (fo=2, routed)           1.634     4.640    clk_IBUF_BUFG
    SLICE_X0Y12          FDCE                                         r  FSM_sequential_state_reg[1]/C
  -------------------------------------------------------------------    -------------------
    SLICE_X0Y12          FDCE (Prop_fdce_C_Q)         0.419     5.059 r  FSM_sequential_state_reg[1]/Q
                         net (fo=6, routed)           1.223     6.282    state[1]
    SLICE_X0Y9           LUT2 (Prop_lut2_I0_O)        0.299     6.581 f  data_OBUFT[7]_inst_i_1/O
                         net (fo=8, routed)           1.799     8.380    data_TRI[0]
    W16                  OBUFT (TriStatE_obuft_T_O)
                                                      2.627    11.007 r  data_OBUFT[7]_inst/O
                         net (fo=0)                   0.000    11.007    data[7]
    W16                                                               r  data[7] (INOUT)
  -------------------------------------------------------------------    -------------------





Min Delay Paths
--------------------------------------------------------------------------------------
Slack:                    inf
  Source:                 FSM_sequential_state_reg[0]/C
                            (rising edge-triggered cell FDCE clocked by clk  {rise@0.000ns fall@5.000ns period=10.000ns})
  Destination:            data[6]
                            (output port)
  Path Group:             (none)
  Path Type:              Min at Fast Process Corner
  Data Path Delay:        1.889ns  (logic 0.970ns (51.363%)  route 0.919ns (48.637%))
  Logic Levels:           2  (LUT2=1 OBUFT=1)
  Clock Uncertainty:      0.025ns  ((TSJ^2 + TIJ^2)^1/2 + DJ) / 2 + PE
    Total System Jitter     (TSJ):    0.050ns
    Total Input Jitter      (TIJ):    0.000ns
    Discrete Jitter          (DJ):    0.000ns
    Phase Error              (PE):    0.000ns

    Location             Delay type                Incr(ns)  Path(ns)    Netlist Resource(s)
  -------------------------------------------------------------------    -------------------
                         (clock clk rise edge)        0.000     0.000 r  
    M18                                               0.000     0.000 r  clk (IN)
                         net (fo=0)                   0.000     0.000    clk
    M18                  IBUF (Prop_ibuf_I_O)         0.167     0.167 r  clk_IBUF_inst/O
                         net (fo=1, routed)           0.634     0.801    clk_IBUF
    BUFGCTRL_X0Y0        BUFG (Prop_bufg_I_O)         0.026     0.827 r  clk_IBUF_BUFG_inst/O
                         net (fo=2, routed)           0.592     1.419    clk_IBUF_BUFG
    SLICE_X0Y12          FDCE                                         r  FSM_sequential_state_reg[0]/C
  -------------------------------------------------------------------    -------------------
    SLICE_X0Y12          FDCE (Prop_fdce_C_Q)         0.141     1.560 r  FSM_sequential_state_reg[0]/Q
                         net (fo=6, routed)           0.306     1.866    state[0]
    SLICE_X0Y9           LUT2 (Prop_lut2_I1_O)        0.045     1.911 f  data_OBUFT[7]_inst_i_1/O
                         net (fo=8, routed)           0.613     2.523    data_TRI[0]
    W17                  OBUFT (TriStatE_obuft_T_O)
                                                      0.784     3.308 r  data_OBUFT[6]_inst/O
                         net (fo=0)                   0.000     3.308    data[6]
    W17                                                               r  data[6] (INOUT)
  -------------------------------------------------------------------    -------------------

Slack:                    inf
  Source:                 FSM_sequential_state_reg[0]/C
                            (rising edge-triggered cell FDCE clocked by clk  {rise@0.000ns fall@5.000ns period=10.000ns})
  Destination:            data[7]
                            (output port)
  Path Group:             (none)
  Path Type:              Min at Fast Process Corner
  Data Path Delay:        1.959ns  (logic 0.985ns (50.296%)  route 0.974ns (49.704%))
  Logic Levels:           2  (LUT2=1 OBUFT=1)
  Clock Uncertainty:      0.025ns  ((TSJ^2 + TIJ^2)^1/2 + DJ) / 2 + PE
    Total System Jitter     (TSJ):    0.050ns
    Total Input Jitter      (TIJ):    0.000ns
    Discrete Jitter          (DJ):    0.000ns
    Phase Error              (PE):    0.000ns

    Location             Delay type                Incr(ns)  Path(ns)    Netlist Resource(s)
  -------------------------------------------------------------------    -------------------
                         (clock clk rise edge)        0.000     0.000 r  
    M18                                               0.000     0.000 r  clk (IN)
                         net (fo=0)                   0.000     0.000    clk
    M18                  IBUF (Prop_ibuf_I_O)         0.167     0.167 r  clk_IBUF_inst/O
                         net (fo=1, routed)           0.634     0.801    clk_IBUF
    BUFGCTRL_X0Y0        BUFG (Prop_bufg_I_O)         0.026     0.827 r  clk_IBUF_BUFG_inst/O
                         net (fo=2, routed)           0.592     1.419    clk_IBUF_BUFG
    SLICE_X0Y12          FDCE                                         r  FSM_sequential_state_reg[0]/C
  -------------------------------------------------------------------    -------------------
    SLICE_X0Y12          FDCE (Prop_fdce_C_Q)         0.141     1.560 r  FSM_sequential_state_reg[0]/Q
                         net (fo=6, routed)           0.306     1.866    state[0]
    SLICE_X0Y9           LUT2 (Prop_lut2_I1_O)        0.045     1.911 f  data_OBUFT[7]_inst_i_1/O
                         net (fo=8, routed)           0.668     2.579    data_TRI[0]
    W16                  OBUFT (TriStatE_obuft_T_O)
                                                      0.799     3.378 r  data_OBUFT[7]_inst/O
                         net (fo=0)                   0.000     3.378    data[7]
    W16                                                               r  data[7] (INOUT)
  -------------------------------------------------------------------    -------------------

Slack:                    inf
  Source:                 FSM_sequential_state_reg[0]/C
                            (rising edge-triggered cell FDCE clocked by clk  {rise@0.000ns fall@5.000ns period=10.000ns})
  Destination:            data[5]
                            (output port)
  Path Group:             (none)
  Path Type:              Min at Fast Process Corner
  Data Path Delay:        1.969ns  (logic 0.988ns (50.151%)  route 0.982ns (49.849%))
  Logic Levels:           2  (LUT2=1 OBUFT=1)
  Clock Uncertainty:      0.025ns  ((TSJ^2 + TIJ^2)^1/2 + DJ) / 2 + PE
    Total System Jitter     (TSJ):    0.050ns
    Total Input Jitter      (TIJ):    0.000ns
    Discrete Jitter          (DJ):    0.000ns
    Phase Error              (PE):    0.000ns

    Location             Delay type                Incr(ns)  Path(ns)    Netlist Resource(s)
  -------------------------------------------------------------------    -------------------
                         (clock clk rise edge)        0.000     0.000 r  
    M18                                               0.000     0.000 r  clk (IN)
                         net (fo=0)                   0.000     0.000    clk
    M18                  IBUF (Prop_ibuf_I_O)         0.167     0.167 r  clk_IBUF_inst/O
                         net (fo=1, routed)           0.634     0.801    clk_IBUF
    BUFGCTRL_X0Y0        BUFG (Prop_bufg_I_O)         0.026     0.827 r  clk_IBUF_BUFG_inst/O
                         net (fo=2, routed)           0.592     1.419    clk_IBUF_BUFG
    SLICE_X0Y12          FDCE                                         r  FSM_sequential_state_reg[0]/C
  -------------------------------------------------------------------    -------------------
    SLICE_X0Y12          FDCE (Prop_fdce_C_Q)         0.141     1.560 r  FSM_sequential_state_reg[0]/Q
                         net (fo=6, routed)           0.306     1.866    state[0]
    SLICE_X0Y9           LUT2 (Prop_lut2_I1_O)        0.045     1.911 f  data_OBUFT[7]_inst_i_1/O
                         net (fo=8, routed)           0.676     2.586    data_TRI[0]
    V15                  OBUFT (TriStatE_obuft_T_O)
                                                      0.802     3.388 r  data_OBUFT[5]_inst/O
                         net (fo=0)                   0.000     3.388    data[5]
    V15                                                               r  data[5] (INOUT)
  -------------------------------------------------------------------    -------------------

Slack:                    inf
  Source:                 FSM_sequential_state_reg[0]/C
                            (rising edge-triggered cell FDCE clocked by clk  {rise@0.000ns fall@5.000ns period=10.000ns})
  Destination:            data[4]
                            (output port)
  Path Group:             (none)
  Path Type:              Min at Fast Process Corner
  Data Path Delay:        2.017ns  (logic 0.972ns (48.212%)  route 1.044ns (51.788%))
  Logic Levels:           2  (LUT2=1 OBUFT=1)
  Clock Uncertainty:      0.025ns  ((TSJ^2 + TIJ^2)^1/2 + DJ) / 2 + PE
    Total System Jitter     (TSJ):    0.050ns
    Total Input Jitter      (TIJ):    0.000ns
    Discrete Jitter          (DJ):    0.000ns
    Phase Error              (PE):    0.000ns

    Location             Delay type                Incr(ns)  Path(ns)    Netlist Resource(s)
  -------------------------------------------------------------------    -------------------
                         (clock clk rise edge)        0.000     0.000 r  
    M18                                               0.000     0.000 r  clk (IN)
                         net (fo=0)                   0.000     0.000    clk
    M18                  IBUF (Prop_ibuf_I_O)         0.167     0.167 r  clk_IBUF_inst/O
                         net (fo=1, routed)           0.634     0.801    clk_IBUF
    BUFGCTRL_X0Y0        BUFG (Prop_bufg_I_O)         0.026     0.827 r  clk_IBUF_BUFG_inst/O
                         net (fo=2, routed)           0.592     1.419    clk_IBUF_BUFG
    SLICE_X0Y12          FDCE                                         r  FSM_sequential_state_reg[0]/C
  -------------------------------------------------------------------    -------------------
    SLICE_X0Y12          FDCE (Prop_fdce_C_Q)         0.141     1.560 r  FSM_sequential_state_reg[0]/Q
                         net (fo=6, routed)           0.306     1.866    state[0]
    SLICE_X0Y9           LUT2 (Prop_lut2_I1_O)        0.045     1.911 f  data_OBUFT[7]_inst_i_1/O
                         net (fo=8, routed)           0.738     2.649    data_TRI[0]
    W15                  OBUFT (TriStatE_obuft_T_O)
                                                      0.786     3.436 r  data_OBUFT[4]_inst/O
                         net (fo=0)                   0.000     3.436    data[4]
    W15                                                               r  data[4] (INOUT)
  -------------------------------------------------------------------    -------------------

Slack:                    inf
  Source:                 FSM_sequential_state_reg[0]/C
                            (rising edge-triggered cell FDCE clocked by clk  {rise@0.000ns fall@5.000ns period=10.000ns})
  Destination:            wre
                            (output port)
  Path Group:             (none)
  Path Type:              Min at Fast Process Corner
  Data Path Delay:        2.023ns  (logic 1.300ns (64.268%)  route 0.723ns (35.732%))
  Logic Levels:           2  (LUT2=1 OBUF=1)
  Clock Uncertainty:      0.025ns  ((TSJ^2 + TIJ^2)^1/2 + DJ) / 2 + PE
    Total System Jitter     (TSJ):    0.050ns
    Total Input Jitter      (TIJ):    0.000ns
    Discrete Jitter          (DJ):    0.000ns
    Phase Error              (PE):    0.000ns

    Location             Delay type                Incr(ns)  Path(ns)    Netlist Resource(s)
  -------------------------------------------------------------------    -------------------
                         (clock clk rise edge)        0.000     0.000 r  
    M18                                               0.000     0.000 r  clk (IN)
                         net (fo=0)                   0.000     0.000    clk
    M18                  IBUF (Prop_ibuf_I_O)         0.167     0.167 r  clk_IBUF_inst/O
                         net (fo=1, routed)           0.634     0.801    clk_IBUF
    BUFGCTRL_X0Y0        BUFG (Prop_bufg_I_O)         0.026     0.827 r  clk_IBUF_BUFG_inst/O
                         net (fo=2, routed)           0.592     1.419    clk_IBUF_BUFG
    SLICE_X0Y12          FDCE                                         r  FSM_sequential_state_reg[0]/C
  -------------------------------------------------------------------    -------------------
    SLICE_X0Y12          FDCE (Prop_fdce_C_Q)         0.141     1.560 r  FSM_sequential_state_reg[0]/Q
                         net (fo=6, routed)           0.295     1.855    state[0]
    SLICE_X0Y9           LUT2 (Prop_lut2_I0_O)        0.045     1.900 r  wre_OBUF_inst_i_1/O
                         net (fo=1, routed)           0.428     2.328    wre_OBUF
    V13                  OBUF (Prop_obuf_I_O)         1.114     3.442 r  wre_OBUF_inst/O
                         net (fo=0)                   0.000     3.442    wre
    V13                                                               r  wre (OUT)
  -------------------------------------------------------------------    -------------------

Slack:                    inf
  Source:                 FSM_sequential_state_reg[0]/C
                            (rising edge-triggered cell FDCE clocked by clk  {rise@0.000ns fall@5.000ns period=10.000ns})
  Destination:            data[3]
                            (output port)
  Path Group:             (none)
  Path Type:              Min at Fast Process Corner
  Data Path Delay:        2.088ns  (logic 0.980ns (46.959%)  route 1.107ns (53.041%))
  Logic Levels:           2  (LUT2=1 OBUFT=1)
  Clock Uncertainty:      0.025ns  ((TSJ^2 + TIJ^2)^1/2 + DJ) / 2 + PE
    Total System Jitter     (TSJ):    0.050ns
    Total Input Jitter      (TIJ):    0.000ns
    Discrete Jitter          (DJ):    0.000ns
    Phase Error              (PE):    0.000ns

    Location             Delay type                Incr(ns)  Path(ns)    Netlist Resource(s)
  -------------------------------------------------------------------    -------------------
                         (clock clk rise edge)        0.000     0.000 r  
    M18                                               0.000     0.000 r  clk (IN)
                         net (fo=0)                   0.000     0.000    clk
    M18                  IBUF (Prop_ibuf_I_O)         0.167     0.167 r  clk_IBUF_inst/O
                         net (fo=1, routed)           0.634     0.801    clk_IBUF
    BUFGCTRL_X0Y0        BUFG (Prop_bufg_I_O)         0.026     0.827 r  clk_IBUF_BUFG_inst/O
                         net (fo=2, routed)           0.592     1.419    clk_IBUF_BUFG
    SLICE_X0Y12          FDCE                                         r  FSM_sequential_state_reg[0]/C
  -------------------------------------------------------------------    -------------------
    SLICE_X0Y12          FDCE (Prop_fdce_C_Q)         0.141     1.560 r  FSM_sequential_state_reg[0]/Q
                         net (fo=6, routed)           0.306     1.866    state[0]
    SLICE_X0Y9           LUT2 (Prop_lut2_I1_O)        0.045     1.911 f  data_OBUFT[7]_inst_i_1/O
                         net (fo=8, routed)           0.801     2.712    data_TRI[0]
    W13                  OBUFT (TriStatE_obuft_T_O)
                                                      0.794     3.507 r  data_OBUFT[3]_inst/O
                         net (fo=0)                   0.000     3.507    data[3]
    W13                                                               r  data[3] (INOUT)
  -------------------------------------------------------------------    -------------------

Slack:                    inf
  Source:                 FSM_sequential_state_reg[0]/C
                            (rising edge-triggered cell FDCE clocked by clk  {rise@0.000ns fall@5.000ns period=10.000ns})
  Destination:            oe
                            (output port)
  Path Group:             (none)
  Path Type:              Min at Fast Process Corner
  Data Path Delay:        2.107ns  (logic 1.356ns (64.360%)  route 0.751ns (35.640%))
  Logic Levels:           2  (LUT2=1 OBUF=1)
  Clock Uncertainty:      0.025ns  ((TSJ^2 + TIJ^2)^1/2 + DJ) / 2 + PE
    Total System Jitter     (TSJ):    0.050ns
    Total Input Jitter      (TIJ):    0.000ns
    Discrete Jitter          (DJ):    0.000ns
    Phase Error              (PE):    0.000ns

    Location             Delay type                Incr(ns)  Path(ns)    Netlist Resource(s)
  -------------------------------------------------------------------    -------------------
                         (clock clk rise edge)        0.000     0.000 r  
    M18                                               0.000     0.000 r  clk (IN)
                         net (fo=0)                   0.000     0.000    clk
    M18                  IBUF (Prop_ibuf_I_O)         0.167     0.167 r  clk_IBUF_inst/O
                         net (fo=1, routed)           0.634     0.801    clk_IBUF
    BUFGCTRL_X0Y0        BUFG (Prop_bufg_I_O)         0.026     0.827 r  clk_IBUF_BUFG_inst/O
                         net (fo=2, routed)           0.592     1.419    clk_IBUF_BUFG
    SLICE_X0Y12          FDCE                                         r  FSM_sequential_state_reg[0]/C
  -------------------------------------------------------------------    -------------------
    SLICE_X0Y12          FDCE (Prop_fdce_C_Q)         0.141     1.560 r  FSM_sequential_state_reg[0]/Q
                         net (fo=6, routed)           0.306     1.866    state[0]
    SLICE_X0Y9           LUT2 (Prop_lut2_I0_O)        0.042     1.908 r  oe_OBUF_inst_i_1/O
                         net (fo=1, routed)           0.445     2.353    oe_OBUF
    V14                  OBUF (Prop_obuf_I_O)         1.173     3.525 r  oe_OBUF_inst/O
                         net (fo=0)                   0.000     3.525    oe
    V14                                                               r  oe (OUT)
  -------------------------------------------------------------------    -------------------

Slack:                    inf
  Source:                 FSM_sequential_state_reg[0]/C
                            (rising edge-triggered cell FDCE clocked by clk  {rise@0.000ns fall@5.000ns period=10.000ns})
  Destination:            ce
                            (output port)
  Path Group:             (none)
  Path Type:              Min at Fast Process Corner
  Data Path Delay:        2.114ns  (logic 1.367ns (64.692%)  route 0.746ns (35.308%))
  Logic Levels:           2  (LUT2=1 OBUF=1)
  Clock Uncertainty:      0.025ns  ((TSJ^2 + TIJ^2)^1/2 + DJ) / 2 + PE
    Total System Jitter     (TSJ):    0.050ns
    Total Input Jitter      (TIJ):    0.000ns
    Discrete Jitter          (DJ):    0.000ns
    Phase Error              (PE):    0.000ns

    Location             Delay type                Incr(ns)  Path(ns)    Netlist Resource(s)
  -------------------------------------------------------------------    -------------------
                         (clock clk rise edge)        0.000     0.000 r  
    M18                                               0.000     0.000 r  clk (IN)
                         net (fo=0)                   0.000     0.000    clk
    M18                  IBUF (Prop_ibuf_I_O)         0.167     0.167 r  clk_IBUF_inst/O
                         net (fo=1, routed)           0.634     0.801    clk_IBUF
    BUFGCTRL_X0Y0        BUFG (Prop_bufg_I_O)         0.026     0.827 r  clk_IBUF_BUFG_inst/O
                         net (fo=2, routed)           0.592     1.419    clk_IBUF_BUFG
    SLICE_X0Y12          FDCE                                         r  FSM_sequential_state_reg[0]/C
  -------------------------------------------------------------------    -------------------
    SLICE_X0Y12          FDCE (Prop_fdce_C_Q)         0.141     1.560 r  FSM_sequential_state_reg[0]/Q
                         net (fo=6, routed)           0.295     1.855    state[0]
    SLICE_X0Y9           LUT2 (Prop_lut2_I0_O)        0.043     1.898 r  ce_OBUF_inst_i_1/O
                         net (fo=1, routed)           0.451     2.349    ce_OBUF
    U14                  OBUF (Prop_obuf_I_O)         1.183     3.532 r  ce_OBUF_inst/O
                         net (fo=0)                   0.000     3.532    ce
    U14                                                               r  ce (OUT)
  -------------------------------------------------------------------    -------------------

Slack:                    inf
  Source:                 FSM_sequential_state_reg[0]/C
                            (rising edge-triggered cell FDCE clocked by clk  {rise@0.000ns fall@5.000ns period=10.000ns})
  Destination:            data[2]
                            (output port)
  Path Group:             (none)
  Path Type:              Min at Fast Process Corner
  Data Path Delay:        2.142ns  (logic 0.971ns (45.356%)  route 1.170ns (54.644%))
  Logic Levels:           2  (LUT2=1 OBUFT=1)
  Clock Uncertainty:      0.025ns  ((TSJ^2 + TIJ^2)^1/2 + DJ) / 2 + PE
    Total System Jitter     (TSJ):    0.050ns
    Total Input Jitter      (TIJ):    0.000ns
    Discrete Jitter          (DJ):    0.000ns
    Phase Error              (PE):    0.000ns

    Location             Delay type                Incr(ns)  Path(ns)    Netlist Resource(s)
  -------------------------------------------------------------------    -------------------
                         (clock clk rise edge)        0.000     0.000 r  
    M18                                               0.000     0.000 r  clk (IN)
                         net (fo=0)                   0.000     0.000    clk
    M18                  IBUF (Prop_ibuf_I_O)         0.167     0.167 r  clk_IBUF_inst/O
                         net (fo=1, routed)           0.634     0.801    clk_IBUF
    BUFGCTRL_X0Y0        BUFG (Prop_bufg_I_O)         0.026     0.827 r  clk_IBUF_BUFG_inst/O
                         net (fo=2, routed)           0.592     1.419    clk_IBUF_BUFG
    SLICE_X0Y12          FDCE                                         r  FSM_sequential_state_reg[0]/C
  -------------------------------------------------------------------    -------------------
    SLICE_X0Y12          FDCE (Prop_fdce_C_Q)         0.141     1.560 r  FSM_sequential_state_reg[0]/Q
                         net (fo=6, routed)           0.306     1.866    state[0]
    SLICE_X0Y9           LUT2 (Prop_lut2_I1_O)        0.045     1.911 f  data_OBUFT[7]_inst_i_1/O
                         net (fo=8, routed)           0.864     2.775    data_TRI[0]
    W14                  OBUFT (TriStatE_obuft_T_O)
                                                      0.785     3.561 r  data_OBUFT[2]_inst/O
                         net (fo=0)                   0.000     3.561    data[2]
    W14                                                               r  data[2] (INOUT)
  -------------------------------------------------------------------    -------------------

Slack:                    inf
  Source:                 FSM_sequential_state_reg[0]/C
                            (rising edge-triggered cell FDCE clocked by clk  {rise@0.000ns fall@5.000ns period=10.000ns})
  Destination:            data[1]
                            (output port)
  Path Group:             (none)
  Path Type:              Min at Fast Process Corner
  Data Path Delay:        2.214ns  (logic 0.981ns (44.310%)  route 1.233ns (55.690%))
  Logic Levels:           2  (LUT2=1 OBUFT=1)
  Clock Uncertainty:      0.025ns  ((TSJ^2 + TIJ^2)^1/2 + DJ) / 2 + PE
    Total System Jitter     (TSJ):    0.050ns
    Total Input Jitter      (TIJ):    0.000ns
    Discrete Jitter          (DJ):    0.000ns
    Phase Error              (PE):    0.000ns

    Location             Delay type                Incr(ns)  Path(ns)    Netlist Resource(s)
  -------------------------------------------------------------------    -------------------
                         (clock clk rise edge)        0.000     0.000 r  
    M18                                               0.000     0.000 r  clk (IN)
                         net (fo=0)                   0.000     0.000    clk
    M18                  IBUF (Prop_ibuf_I_O)         0.167     0.167 r  clk_IBUF_inst/O
                         net (fo=1, routed)           0.634     0.801    clk_IBUF
    BUFGCTRL_X0Y0        BUFG (Prop_bufg_I_O)         0.026     0.827 r  clk_IBUF_BUFG_inst/O
                         net (fo=2, routed)           0.592     1.419    clk_IBUF_BUFG
    SLICE_X0Y12          FDCE                                         r  FSM_sequential_state_reg[0]/C
  -------------------------------------------------------------------    -------------------
    SLICE_X0Y12          FDCE (Prop_fdce_C_Q)         0.141     1.560 r  FSM_sequential_state_reg[0]/Q
                         net (fo=6, routed)           0.306     1.866    state[0]
    SLICE_X0Y9           LUT2 (Prop_lut2_I1_O)        0.045     1.911 f  data_OBUFT[7]_inst_i_1/O
                         net (fo=8, routed)           0.927     2.838    data_TRI[0]
    U15                  OBUFT (TriStatE_obuft_T_O)
                                                      0.795     3.633 r  data_OBUFT[1]_inst/O
                         net (fo=0)                   0.000     3.633    data[1]
    U15                                                               r  data[1] (INOUT)
  -------------------------------------------------------------------    -------------------





--------------------------------------------------------------------------------------
Path Group:  (none)
From Clock:  
  To Clock:  clk

Max Delay             4 Endpoints
Min Delay             4 Endpoints
--------------------------------------------------------------------------------------


Max Delay Paths
--------------------------------------------------------------------------------------
Slack:                    inf
  Source:                 rst
                            (input port)
  Destination:            FSM_sequential_state_reg[0]/CLR
                            (recovery check against rising-edge clock clk  {rise@0.000ns fall@5.000ns period=10.000ns})
  Path Group:             (none)
  Path Type:              Recovery (Max at Slow Process Corner)
  Data Path Delay:        3.137ns  (logic 1.055ns (33.636%)  route 2.082ns (66.364%))
  Logic Levels:           2  (IBUF=1 LUT1=1)
  Clock Path Skew:        4.279ns (DCD - SCD + CPR)
    Destination Clock Delay (DCD):    4.279ns
    Source Clock Delay      (SCD):    0.000ns
    Clock Pessimism Removal (CPR):    0.000ns
  Clock Uncertainty:      0.025ns  ((TSJ^2 + TIJ^2)^1/2 + DJ) / 2 + PE
    Total System Jitter     (TSJ):    0.050ns
    Total Input Jitter      (TIJ):    0.000ns
    Discrete Jitter          (DJ):    0.000ns
    Phase Error              (PE):    0.000ns

    Location             Delay type                Incr(ns)  Path(ns)    Netlist Resource(s)
  -------------------------------------------------------------------    -------------------
    U19                                               0.000     0.000 r  rst (IN)
                         net (fo=0)                   0.000     0.000    rst
    U19                  IBUF (Prop_ibuf_I_O)         0.931     0.931 r  rst_IBUF_inst/O
                         net (fo=1, routed)           1.411     2.343    rst_IBUF
    SLICE_X0Y12          LUT1 (Prop_lut1_I0_O)        0.124     2.467 f  FSM_sequential_state[1]_i_2/O
                         net (fo=2, routed)           0.670     3.137    FSM_sequential_state[1]_i_2_n_0
    SLICE_X0Y12          FDCE                                         f  FSM_sequential_state_reg[0]/CLR
  -------------------------------------------------------------------    -------------------

                         (clock clk rise edge)        0.000     0.000 r  
    M18                                               0.000     0.000 r  clk (IN)
                         net (fo=0)                   0.000     0.000    clk
    M18                  IBUF (Prop_ibuf_I_O)         0.805     0.805 r  clk_IBUF_inst/O
                         net (fo=1, routed)           1.868     2.673    clk_IBUF
    BUFGCTRL_X0Y0        BUFG (Prop_bufg_I_O)         0.091     2.764 r  clk_IBUF_BUFG_inst/O
                         net (fo=2, routed)           1.515     4.279    clk_IBUF_BUFG
    SLICE_X0Y12          FDCE                                         r  FSM_sequential_state_reg[0]/C

Slack:                    inf
  Source:                 rst
                            (input port)
  Destination:            FSM_sequential_state_reg[1]/CLR
                            (recovery check against rising-edge clock clk  {rise@0.000ns fall@5.000ns period=10.000ns})
  Path Group:             (none)
  Path Type:              Recovery (Max at Slow Process Corner)
  Data Path Delay:        3.137ns  (logic 1.055ns (33.636%)  route 2.082ns (66.364%))
  Logic Levels:           2  (IBUF=1 LUT1=1)
  Clock Path Skew:        4.279ns (DCD - SCD + CPR)
    Destination Clock Delay (DCD):    4.279ns
    Source Clock Delay      (SCD):    0.000ns
    Clock Pessimism Removal (CPR):    0.000ns
  Clock Uncertainty:      0.025ns  ((TSJ^2 + TIJ^2)^1/2 + DJ) / 2 + PE
    Total System Jitter     (TSJ):    0.050ns
    Total Input Jitter      (TIJ):    0.000ns
    Discrete Jitter          (DJ):    0.000ns
    Phase Error              (PE):    0.000ns

    Location             Delay type                Incr(ns)  Path(ns)    Netlist Resource(s)
  -------------------------------------------------------------------    -------------------
    U19                                               0.000     0.000 r  rst (IN)
                         net (fo=0)                   0.000     0.000    rst
    U19                  IBUF (Prop_ibuf_I_O)         0.931     0.931 r  rst_IBUF_inst/O
                         net (fo=1, routed)           1.411     2.343    rst_IBUF
    SLICE_X0Y12          LUT1 (Prop_lut1_I0_O)        0.124     2.467 f  FSM_sequential_state[1]_i_2/O
                         net (fo=2, routed)           0.670     3.137    FSM_sequential_state[1]_i_2_n_0
    SLICE_X0Y12          FDCE                                         f  FSM_sequential_state_reg[1]/CLR
  -------------------------------------------------------------------    -------------------

                         (clock clk rise edge)        0.000     0.000 r  
    M18                                               0.000     0.000 r  clk (IN)
                         net (fo=0)                   0.000     0.000    clk
    M18                  IBUF (Prop_ibuf_I_O)         0.805     0.805 r  clk_IBUF_inst/O
                         net (fo=1, routed)           1.868     2.673    clk_IBUF
    BUFGCTRL_X0Y0        BUFG (Prop_bufg_I_O)         0.091     2.764 r  clk_IBUF_BUFG_inst/O
                         net (fo=2, routed)           1.515     4.279    clk_IBUF_BUFG
    SLICE_X0Y12          FDCE                                         r  FSM_sequential_state_reg[1]/C

Slack:                    inf
  Source:                 req
                            (input port)
  Destination:            FSM_sequential_state_reg[1]/D
                            (rising edge-triggered cell FDCE clocked by clk  {rise@0.000ns fall@5.000ns period=10.000ns})
  Path Group:             (none)
  Path Type:              Setup (Max at Slow Process Corner)
  Data Path Delay:        2.658ns  (logic 1.091ns (41.056%)  route 1.567ns (58.944%))
  Logic Levels:           2  (IBUF=1 LUT4=1)
  Clock Path Skew:        4.279ns (DCD - SCD + CPR)
    Destination Clock Delay (DCD):    4.279ns
    Source Clock Delay      (SCD):    0.000ns
    Clock Pessimism Removal (CPR):    0.000ns
  Clock Uncertainty:      0.025ns  ((TSJ^2 + TIJ^2)^1/2 + DJ) / 2 + PE
    Total System Jitter     (TSJ):    0.050ns
    Total Input Jitter      (TIJ):    0.000ns
    Discrete Jitter          (DJ):    0.000ns
    Phase Error              (PE):    0.000ns

    Location             Delay type                Incr(ns)  Path(ns)    Netlist Resource(s)
  -------------------------------------------------------------------    -------------------
    V19                                               0.000     0.000 r  req (IN)
                         net (fo=0)                   0.000     0.000    req
    V19                  IBUF (Prop_ibuf_I_O)         0.939     0.939 r  req_IBUF_inst/O
                         net (fo=2, routed)           1.567     2.506    req_IBUF
    SLICE_X0Y12          LUT4 (Prop_lut4_I1_O)        0.152     2.658 r  FSM_sequential_state[1]_i_1/O
                         net (fo=1, routed)           0.000     2.658    next_state[1]
    SLICE_X0Y12          FDCE                                         r  FSM_sequential_state_reg[1]/D
  -------------------------------------------------------------------    -------------------

                         (clock clk rise edge)        0.000     0.000 r  
    M18                                               0.000     0.000 r  clk (IN)
                         net (fo=0)                   0.000     0.000    clk
    M18                  IBUF (Prop_ibuf_I_O)         0.805     0.805 r  clk_IBUF_inst/O
                         net (fo=1, routed)           1.868     2.673    clk_IBUF
    BUFGCTRL_X0Y0        BUFG (Prop_bufg_I_O)         0.091     2.764 r  clk_IBUF_BUFG_inst/O
                         net (fo=2, routed)           1.515     4.279    clk_IBUF_BUFG
    SLICE_X0Y12          FDCE                                         r  FSM_sequential_state_reg[1]/C

Slack:                    inf
  Source:                 req
                            (input port)
  Destination:            FSM_sequential_state_reg[0]/D
                            (rising edge-triggered cell FDCE clocked by clk  {rise@0.000ns fall@5.000ns period=10.000ns})
  Path Group:             (none)
  Path Type:              Setup (Max at Slow Process Corner)
  Data Path Delay:        2.630ns  (logic 1.063ns (40.428%)  route 1.567ns (59.572%))
  Logic Levels:           2  (IBUF=1 LUT3=1)
  Clock Path Skew:        4.279ns (DCD - SCD + CPR)
    Destination Clock Delay (DCD):    4.279ns
    Source Clock Delay      (SCD):    0.000ns
    Clock Pessimism Removal (CPR):    0.000ns
  Clock Uncertainty:      0.025ns  ((TSJ^2 + TIJ^2)^1/2 + DJ) / 2 + PE
    Total System Jitter     (TSJ):    0.050ns
    Total Input Jitter      (TIJ):    0.000ns
    Discrete Jitter          (DJ):    0.000ns
    Phase Error              (PE):    0.000ns

    Location             Delay type                Incr(ns)  Path(ns)    Netlist Resource(s)
  -------------------------------------------------------------------    -------------------
    V19                                               0.000     0.000 r  req (IN)
                         net (fo=0)                   0.000     0.000    req
    V19                  IBUF (Prop_ibuf_I_O)         0.939     0.939 r  req_IBUF_inst/O
                         net (fo=2, routed)           1.567     2.506    req_IBUF
    SLICE_X0Y12          LUT3 (Prop_lut3_I0_O)        0.124     2.630 r  FSM_sequential_state[0]_i_1/O
                         net (fo=1, routed)           0.000     2.630    FSM_sequential_state[0]_i_1_n_0
    SLICE_X0Y12          FDCE                                         r  FSM_sequential_state_reg[0]/D
  -------------------------------------------------------------------    -------------------

                         (clock clk rise edge)        0.000     0.000 r  
    M18                                               0.000     0.000 r  clk (IN)
                         net (fo=0)                   0.000     0.000    clk
    M18                  IBUF (Prop_ibuf_I_O)         0.805     0.805 r  clk_IBUF_inst/O
                         net (fo=1, routed)           1.868     2.673    clk_IBUF
    BUFGCTRL_X0Y0        BUFG (Prop_bufg_I_O)         0.091     2.764 r  clk_IBUF_BUFG_inst/O
                         net (fo=2, routed)           1.515     4.279    clk_IBUF_BUFG
    SLICE_X0Y12          FDCE                                         r  FSM_sequential_state_reg[0]/C





Min Delay Paths
--------------------------------------------------------------------------------------
Slack:                    inf
  Source:                 rw
                            (input port)
  Destination:            FSM_sequential_state_reg[1]/D
                            (rising edge-triggered cell FDCE clocked by clk  {rise@0.000ns fall@5.000ns period=10.000ns})
  Path Group:             (none)
  Path Type:              Hold (Min at Fast Process Corner)
  Data Path Delay:        0.773ns  (logic 0.202ns (26.099%)  route 0.571ns (73.901%))
  Logic Levels:           2  (IBUF=1 LUT4=1)
  Clock Path Skew:        1.935ns (DCD - SCD - CPR)
    Destination Clock Delay (DCD):    1.935ns
    Source Clock Delay      (SCD):    0.000ns
    Clock Pessimism Removal (CPR):    -0.000ns

    Location             Delay type                Incr(ns)  Path(ns)    Netlist Resource(s)
  -------------------------------------------------------------------    -------------------
    R18                                               0.000     0.000 r  rw (IN)
                         net (fo=0)                   0.000     0.000    rw
    R18                  IBUF (Prop_ibuf_I_O)         0.160     0.160 r  rw_IBUF_inst/O
                         net (fo=1, routed)           0.571     0.731    rw_IBUF
    SLICE_X0Y12          LUT4 (Prop_lut4_I2_O)        0.042     0.773 r  FSM_sequential_state[1]_i_1/O
                         net (fo=1, routed)           0.000     0.773    next_state[1]
    SLICE_X0Y12          FDCE                                         r  FSM_sequential_state_reg[1]/D
  -------------------------------------------------------------------    -------------------

                         (clock clk rise edge)        0.000     0.000 r  
    M18                                               0.000     0.000 r  clk (IN)
                         net (fo=0)                   0.000     0.000    clk
    M18                  IBUF (Prop_ibuf_I_O)         0.356     0.356 r  clk_IBUF_inst/O
                         net (fo=1, routed)           0.689     1.044    clk_IBUF
    BUFGCTRL_X0Y0        BUFG (Prop_bufg_I_O)         0.029     1.073 r  clk_IBUF_BUFG_inst/O
                         net (fo=2, routed)           0.862     1.935    clk_IBUF_BUFG
    SLICE_X0Y12          FDCE                                         r  FSM_sequential_state_reg[1]/C

Slack:                    inf
  Source:                 req
                            (input port)
  Destination:            FSM_sequential_state_reg[0]/D
                            (rising edge-triggered cell FDCE clocked by clk  {rise@0.000ns fall@5.000ns period=10.000ns})
  Path Group:             (none)
  Path Type:              Hold (Min at Fast Process Corner)
  Data Path Delay:        0.794ns  (logic 0.213ns (26.866%)  route 0.581ns (73.134%))
  Logic Levels:           2  (IBUF=1 LUT3=1)
  Clock Path Skew:        1.935ns (DCD - SCD - CPR)
    Destination Clock Delay (DCD):    1.935ns
    Source Clock Delay      (SCD):    0.000ns
    Clock Pessimism Removal (CPR):    -0.000ns

    Location             Delay type                Incr(ns)  Path(ns)    Netlist Resource(s)
  -------------------------------------------------------------------    -------------------
    V19                                               0.000     0.000 r  req (IN)
                         net (fo=0)                   0.000     0.000    req
    V19                  IBUF (Prop_ibuf_I_O)         0.168     0.168 r  req_IBUF_inst/O
                         net (fo=2, routed)           0.581     0.749    req_IBUF
    SLICE_X0Y12          LUT3 (Prop_lut3_I0_O)        0.045     0.794 r  FSM_sequential_state[0]_i_1/O
                         net (fo=1, routed)           0.000     0.794    FSM_sequential_state[0]_i_1_n_0
    SLICE_X0Y12          FDCE                                         r  FSM_sequential_state_reg[0]/D
  -------------------------------------------------------------------    -------------------

                         (clock clk rise edge)        0.000     0.000 r  
    M18                                               0.000     0.000 r  clk (IN)
                         net (fo=0)                   0.000     0.000    clk
    M18                  IBUF (Prop_ibuf_I_O)         0.356     0.356 r  clk_IBUF_inst/O
                         net (fo=1, routed)           0.689     1.044    clk_IBUF
    BUFGCTRL_X0Y0        BUFG (Prop_bufg_I_O)         0.029     1.073 r  clk_IBUF_BUFG_inst/O
                         net (fo=2, routed)           0.862     1.935    clk_IBUF_BUFG
    SLICE_X0Y12          FDCE                                         r  FSM_sequential_state_reg[0]/C

Slack:                    inf
  Source:                 rst
                            (input port)
  Destination:            FSM_sequential_state_reg[0]/CLR
                            (removal check against rising-edge clock clk  {rise@0.000ns fall@5.000ns period=10.000ns})
  Path Group:             (none)
  Path Type:              Removal (Min at Fast Process Corner)
  Data Path Delay:        1.084ns  (logic 0.205ns (18.939%)  route 0.879ns (81.061%))
  Logic Levels:           2  (IBUF=1 LUT1=1)
  Clock Path Skew:        1.935ns (DCD - SCD - CPR)
    Destination Clock Delay (DCD):    1.935ns
    Source Clock Delay      (SCD):    0.000ns
    Clock Pessimism Removal (CPR):    -0.000ns

    Location             Delay type                Incr(ns)  Path(ns)    Netlist Resource(s)
  -------------------------------------------------------------------    -------------------
    U19                                               0.000     0.000 r  rst (IN)
                         net (fo=0)                   0.000     0.000    rst
    U19                  IBUF (Prop_ibuf_I_O)         0.160     0.160 r  rst_IBUF_inst/O
                         net (fo=1, routed)           0.542     0.703    rst_IBUF
    SLICE_X0Y12          LUT1 (Prop_lut1_I0_O)        0.045     0.748 f  FSM_sequential_state[1]_i_2/O
                         net (fo=2, routed)           0.336     1.084    FSM_sequential_state[1]_i_2_n_0
    SLICE_X0Y12          FDCE                                         f  FSM_sequential_state_reg[0]/CLR
  -------------------------------------------------------------------    -------------------

                         (clock clk rise edge)        0.000     0.000 r  
    M18                                               0.000     0.000 r  clk (IN)
                         net (fo=0)                   0.000     0.000    clk
    M18                  IBUF (Prop_ibuf_I_O)         0.356     0.356 r  clk_IBUF_inst/O
                         net (fo=1, routed)           0.689     1.044    clk_IBUF
    BUFGCTRL_X0Y0        BUFG (Prop_bufg_I_O)         0.029     1.073 r  clk_IBUF_BUFG_inst/O
                         net (fo=2, routed)           0.862     1.935    clk_IBUF_BUFG
    SLICE_X0Y12          FDCE                                         r  FSM_sequential_state_reg[0]/C

Slack:                    inf
  Source:                 rst
                            (input port)
  Destination:            FSM_sequential_state_reg[1]/CLR
                            (removal check against rising-edge clock clk  {rise@0.000ns fall@5.000ns period=10.000ns})
  Path Group:             (none)
  Path Type:              Removal (Min at Fast Process Corner)
  Data Path Delay:        1.084ns  (logic 0.205ns (18.939%)  route 0.879ns (81.061%))
  Logic Levels:           2  (IBUF=1 LUT1=1)
  Clock Path Skew:        1.935ns (DCD - SCD - CPR)
    Destination Clock Delay (DCD):    1.935ns
    Source Clock Delay      (SCD):    0.000ns
    Clock Pessimism Removal (CPR):    -0.000ns

    Location             Delay type                Incr(ns)  Path(ns)    Netlist Resource(s)
  -------------------------------------------------------------------    -------------------
    U19                                               0.000     0.000 r  rst (IN)
                         net (fo=0)                   0.000     0.000    rst
    U19                  IBUF (Prop_ibuf_I_O)         0.160     0.160 r  rst_IBUF_inst/O
                         net (fo=1, routed)           0.542     0.703    rst_IBUF
    SLICE_X0Y12          LUT1 (Prop_lut1_I0_O)        0.045     0.748 f  FSM_sequential_state[1]_i_2/O
                         net (fo=2, routed)           0.336     1.084    FSM_sequential_state[1]_i_2_n_0
    SLICE_X0Y12          FDCE                                         f  FSM_sequential_state_reg[1]/CLR
  -------------------------------------------------------------------    -------------------

                         (clock clk rise edge)        0.000     0.000 r  
    M18                                               0.000     0.000 r  clk (IN)
                         net (fo=0)                   0.000     0.000    clk
    M18                  IBUF (Prop_ibuf_I_O)         0.356     0.356 r  clk_IBUF_inst/O
                         net (fo=1, routed)           0.689     1.044    clk_IBUF
    BUFGCTRL_X0Y0        BUFG (Prop_bufg_I_O)         0.029     1.073 r  clk_IBUF_BUFG_inst/O
                         net (fo=2, routed)           0.862     1.935    clk_IBUF_BUFG
    SLICE_X0Y12          FDCE                                         r  FSM_sequential_state_reg[1]/C





